,zip_code,dba_name,ownership_name,city,street_address,location,location_start_date,location_end_date
0,94105,Starbucks Coffee#47903,Starbucks Corporation,San Francisco,299 Fremont St,0,2019-03-11T00:00:00.000,0
1,94105,Starbucks Coffee #5836,Starbucks Corporation,San Francisco,687 Howard St,0,1992-03-03T00:00:00.000,2019-05-16T00:00:00.000
2,94105,Starbucks Coffee #5431,Starbucks Corporation,San Francisco,123 Mission St,0,1992-03-03T00:00:00.000,2017-11-20T00:00:00.000
3,94103,Starbucks Coffee #11239,Starbucks Corporation,San Francisco,675 Townsend,"{'type': 'Point', 'coordinates': [-122.403105, 37.770669]}",2006-09-15T00:00:00.000,2019-05-16T00:00:00.000
4,94105,Starbucks Coffee #5836,Starbucks Corporation,San Francisco,687 Howard St,"{'type': 'Point', 'coordinates': [-122.400049, 37.785348]}",2000-10-28T00:00:00.000,2017-05-04T00:00:00.000
5,94115,Starbucks Coffee#28986,Starbucks Corporation,San Francisco,2675 Geary Blvd E104,0,2017-02-23T00:00:00.000,2019-01-07T00:00:00.000
6,94102,Starbucks Coffee #5992,Starbucks Corporation,San Francisco,201 Powell St,"{'type': 'Point', 'coordinates': [-122.408132, 37.786818]}",2001-09-29T00:00:00.000,2019-01-21T00:00:00.000
7,94103,Starbucks Coffee #5585,Starbucks Corporation,San Francisco,1298 Howard St,"{'type': 'Point', 'coordinates': [-122.412671, 37.775381]}",1998-11-05T00:00:00.000,2018-05-14T00:00:00.000
8,94104,Starbucks Coffee,Starbucks Corporation,San Francisco,343 Sansome St,"{'type': 'Point', 'coordinates': [-122.401278, 37.793686]}",1992-03-03T00:00:00.000,2019-01-12T00:00:00.000
9,94103,Starbucks Coffee #11239,Starbucks Corporation,San Francisco,689 Townsend St,0,1992-03-03T00:00:00.000,0
10,94114,Starbucks Coffee #5396,Starbucks Corporation,San Francisco,2018 Market St,0,1992-03-03T00:00:00.000,2018-02-19T00:00:00.000
11,94105,Starbucks Coffee#55612,Starbucks Corporation,San Francisco,101 First St,0,2018-11-05T00:00:00.000,0
12,98134,Starbucks Corporation,Starbucks Corporation,Seattle,2401 Utah Ave,0,2018-01-01T00:00:00.000,0
13,94133,Starbucks Coffee#54768/,Starbucks Corporation,San Francisco,49 Jefferson St P,0,2018-04-30T00:00:00.000,0
14,94108,Starbucks Coffee#52861,Starbucks Corporation,San Francisco,66 Keanry St,0,2018-03-08T00:00:00.000,0
15,94105,Starbucks Coffee#5431,Starbucks Corporation,San Francisco,201 Mission St,0,2017-09-25T00:00:00.000,0
16,94108,Starbucks Coffee#49304,Starbucks Corporation,San Francisco,580 California St 150,0,2017-04-27T00:00:00.000,0
17,94124,Starbucks Coffee#47471,Starbucks Corporation,San Francisco,3801 3rd St 112,"{'type': 'Point', 'coordinates': [-122.388003, 37.742163]}",2016-06-09T00:00:00.000,0
18,94158,Starbucks Coffee #25428,Starbucks Corporation,San Francisco,1375 3rd St,"{'type': 'Point', 'coordinates': [-122.389427, 37.771291]}",2015-10-10T00:00:00.000,0
19,94158,Starbucks Coffee #25428,Starbucks Corporation,San Francisco,1449 3rd St,"{'type': 'Point', 'coordinates': [-122.38948, 37.771829]}",1992-03-03T00:00:00.000,2015-09-27T00:00:00.000
20,94105,Starbucks Coffee #9211,Starbucks Corporation,San Francisco,1 Market St Plz25a,"{'type': 'Point', 'coordinates': [-122.395302, 37.794096]}",2015-03-24T00:00:00.000,0
21,94103,Starbucks Coffee #5836,Starbucks Corporation,San Francisco,201 3rd St,"{'type': 'Point', 'coordinates': [-122.400085, 37.784695]}",2000-10-28T00:00:00.000,0
22,94109,Starbucks Coffee #6927,Starbucks Corporation,San Francisco,685 Beach St,"{'type': 'Point', 'coordinates': [-122.419863, 37.806753]}",2014-07-10T00:00:00.000,0
23,94105,Starbucks Coffee #22432,Starbucks Corporation,San Francisco,564 Market St,"{'type': 'Point', 'coordinates': [-122.400798, 37.789741]}",2014-07-31T00:00:00.000,2018-11-18T00:00:00.000
24,94104,Starbucks Coffee #22607,Starbucks Corporation,San Francisco,100 Montgomery St,"{'type': 'Point', 'coordinates': [-122.402243, 37.790259]}",2014-07-24T00:00:00.000,0
25,94105,Starbucks Coffee #593,Starbucks Corporation,San Francisco,60 Spear St 700,"{'type': 'Point', 'coordinates': [-122.394399, 37.792789]}",2013-12-09T00:00:00.000,0
26,94115,Evolution Fresh #17863,Starbucks Corporation,San Francisco,2201 Fillmore St,"{'type': 'Point', 'coordinates': [-122.434035, 37.789839]}",2012-10-22T00:00:00.000,2015-06-27T00:00:00.000
27,94105,Starbucks Coffee #17517,Starbucks Corporation,San Francisco,100 1st St,"{'type': 'Point', 'coordinates': [-122.397439, 37.789685]}",2012-09-20T00:00:00.000,0
28,94111,Starbucks Coffee #16839,Starbucks Corporation,San Francisco,Pier 1 The Embarcadero,"{'type': 'Point', 'coordinates': [-117.136796, 32.6257]}",2012-03-08T00:00:00.000,0
29,94158,Starbucks Coffee #14311,Starbucks Corporation,San Francisco,1700 Owens St,"{'type': 'Point', 'coordinates': [-122.393487, 37.767376]}",2008-05-15T00:00:00.000,0
30,94129,Starbucks Coffee #14540,Starbucks Corporation,San Francisco,One Letterman Dr Bldg C,0,2008-01-31T00:00:00.000,0
31,94102,Starbucks Coffee #14393,Starbucks Corporation,San Francisco,462 Powell St,"{'type': 'Point', 'coordinates': [-122.408561, 37.789174]}",2007-12-12T00:00:00.000,0
32,94103,Starbucks Coffee #10891,Starbucks Corporation,San Francisco,865 Market St,"{'type': 'Point', 'coordinates': [-122.406929, 37.784904]}",2006-09-28T00:00:00.000,0
33,94133,Starbucks Coffee #10892,Starbucks Corporation,San Francisco,499 Bay St,"{'type': 'Point', 'coordinates': [-122.414772, 37.805475]}",2006-07-21T00:00:00.000,0
34,94103,Starbucks Cofee #10347,Starbucks Corporation,San Francisco,7 Third St,"{'type': 'Point', 'coordinates': [-122.403428, 37.787454]}",2006-04-28T00:00:00.000,0
35,94111,Starbucks Coffee #10251,Starbucks Corporation,San Francisco,295 California St,"{'type': 'Point', 'coordinates': [-122.400274, 37.79318]}",2005-12-17T00:00:00.000,0
36,94123,Starbucks Coffee #10219,Starbucks Corporation,San Francisco,3735 Buchanan St,"{'type': 'Point', 'coordinates': [-122.433584, 37.804388]}",2005-12-17T00:00:00.000,0
37,94111,Starbucks Coffee #9743,Starbucks Corporation,San Francisco,425 Battery St,"{'type': 'Point', 'coordinates': [-122.400387, 37.795252]}",2005-07-02T00:00:00.000,0
38,94107,Starbucks Coffee #6677,Starbucks Corporation,San Francisco,280 King St,"{'type': 'Point', 'coordinates': [-122.393683, 37.776805]}",2004-01-01T00:00:00.000,0
39,94115,Starbucks Coffee #2997,Starbucks Corporation,San Francisco,1501 Fillmore St,"{'type': 'Point', 'coordinates': [-122.432711, 37.783296]}",2004-03-18T00:00:00.000,0
40,94103,Starbucks Coffee #6867,Starbucks Corporation,San Francisco,350 Rhode Island,"{'type': 'Point', 'coordinates': [-122.402745, 37.766063]}",2003-10-19T00:00:00.000,0
41,94102,Starbucks Coffee #6937,Starbucks Corporation,San Francisco,1390 Market St,"{'type': 'Point', 'coordinates': [-122.417111, 37.776865]}",2003-09-20T00:00:00.000,0
42,94109,Starbucks Coffee #6927,Starbucks Corporation,San Francisco,680 Beach St,"{'type': 'Point', 'coordinates': [-122.42044, 37.806686]}",2003-09-27T00:00:00.000,2014-07-03T00:00:00.000
43,94108,Starbucks Coffee #6765,Starbucks Corporation,San Francisco,359 Grant Ave,"{'type': 'Point', 'coordinates': [-122.405513, 37.790293]}",2002-10-17T00:00:00.000,0
44,94133,Starbucks Coffee #5945,Starbucks Corporation,San Francisco,2801 Jones St 111,"{'type': 'Point', 'coordinates': [-122.417296, 37.80728]}",2001-04-14T00:00:00.000,2018-11-05T00:00:00.000
45,94105,Starbucks Coffee #5852,Starbucks Corporation,San Francisco,199 Fremont St,"{'type': 'Point', 'coordinates': [-122.395309, 37.789371]}",2001-02-12T00:00:00.000,0
46,94132,Starbucks Coffee #5851,Starbucks Corporation,San Francisco,3251 20th Ave 250f,"{'type': 'Point', 'coordinates': [-122.475605, 37.727905]}",2000-09-16T00:00:00.000,0
47,94111,Starbucks Coffee #5726,Starbucks Corporation,San Francisco,1255 Battery St 600,"{'type': 'Point', 'coordinates': [-122.401907, 37.802853]}",2000-05-27T00:00:00.000,0
48,94111,Starbucks Coffee #9224,Starbucks Corporation,San Francisco,701 Battery St,"{'type': 'Point', 'coordinates': [-122.400914, 37.797853]}",2000-01-01T00:00:00.000,0
49,94105,Starbucks Coffee #9211,Starbucks Corporation,San Francisco,1 Market St,"{'type': 'Point', 'coordinates': [-122.395302, 37.794096]}",2000-01-01T00:00:00.000,2017-05-04T00:00:00.000
50,94114,Starbucks Coffee #9212,Starbucks Corporation,San Francisco,4094 18th St,"{'type': 'Point', 'coordinates': [-122.434904, 37.760892]}",2000-01-01T00:00:00.000,0
51,94111,Starbucks Coffee #9213,Starbucks Corporation,San Francisco,565 Clay St,"{'type': 'Point', 'coordinates': [-122.402685, 37.794734]}",2000-01-01T00:00:00.000,0
52,94111,Starbucks Coffee #9216,Starbucks Corporation,San Francisco,398 Market St,"{'type': 'Point', 'coordinates': [-122.398338, 37.791694]}",2000-01-01T00:00:00.000,0
53,94117,Starbucks Coffee #9215,Starbucks Corporation,San Francisco,350 Parnassus Ave,"{'type': 'Point', 'coordinates': [-122.455934, 37.764041]}",2000-01-01T00:00:00.000,0
54,94105,Starbucks Coffee #9219,Starbucks Corporation,San Francisco,333 Market St,"{'type': 'Point', 'coordinates': [-122.397791, 37.792119]}",2000-01-01T00:00:00.000,0
55,94111,Starbucks Coffee #9222,Starbucks Corporation,San Francisco,52 California St,"{'type': 'Point', 'coordinates': [-122.397445, 37.793586]}",2000-01-01T00:00:00.000,0
56,94104,Starbucks Coffee #9221,Starbucks Corporation,San Francisco,555 California St,"{'type': 'Point', 'coordinates': [-122.403858, 37.792715]}",2000-01-01T00:00:00.000,0
57,94108,Starbucks Coffee #5757,Starbucks Corporation,San Francisco,390 Sutter St,"{'type': 'Point', 'coordinates': [-122.406838, 37.789435]}",2000-02-26T00:00:00.000,0
58,94104,Starbucks Coffee #5752,Starbucks Corporation,San Francisco,44 Montgomery St,"{'type': 'Point', 'coordinates': [-122.402127, 37.789704]}",2000-01-04T00:00:00.000,0
59,94102,Starbucks Coffee #5649,Starbucks Corporation,San Francisco,222 Mason St,"{'type': 'Point', 'coordinates': [-122.409575, 37.785613]}",1999-04-03T00:00:00.000,0
60,94127,Starbucks Coffee #5669,Starbucks Corporation,San Francisco,675 Portola Dr,"{'type': 'Point', 'coordinates': [-122.452875, 37.744822]}",1999-03-20T00:00:00.000,0
61,94111,Starbucks Coffee #5625,Starbucks Corporation,San Francisco,27 Drumm St,"{'type': 'Point', 'coordinates': [-122.396542, 37.794072]}",1999-02-15T00:00:00.000,0
62,94105,Starbucks Coffee #5646,Starbucks Corporation,San Francisco,455 Market St,"{'type': 'Point', 'coordinates': [-122.39888, 37.791265]}",1998-12-12T00:00:00.000,0
63,94122,Starbucks Coffee #5584,Starbucks Corporation,San Francisco,1800 Irving St,"{'type': 'Point', 'coordinates': [-122.477377, 37.763564]}",1998-10-10T00:00:00.000,0
64,94109,Starbucks Coffee #5517,Starbucks Corporation,San Francisco,1560 Van Ness Ave,"{'type': 'Point', 'coordinates': [-122.422172, 37.789974]}",1998-02-23T00:00:00.000,0
65,94105,Starbucks Coffee #5486,Starbucks Corporation,San Francisco,36 2nd St,"{'type': 'Point', 'coordinates': [-122.400805, 37.788793]}",1998-06-27T00:00:00.000,0
66,94107,Starbucks Coffee #5516,Starbucks Corporation,San Francisco,490 Brannan St,"{'type': 'Point', 'coordinates': [-122.39628, 37.778525]}",1998-05-18T00:00:00.000,0
67,94102,Starbucks Coffee #5464,Starbucks Corporation,San Francisco,790 Market St,"{'type': 'Point', 'coordinates': [-122.405765, 37.785814]}",1998-05-02T00:00:00.000,0
68,94110,Starbucks Coffee #6605,Starbucks Corporation,San Francisco,2727 Mariposa St,"{'type': 'Point', 'coordinates': [-122.410575, 37.763027]}",2001-10-28T00:00:00.000,0
69,94121,Starbucks Coffee #5510,Starbucks Corporation,San Francisco,5455 Geary Blvd,"{'type': 'Point', 'coordinates': [-122.477824, 37.780336]}",1997-12-15T00:00:00.000,0
70,94117,Starbucks Coffee #5395,Starbucks Corporation,San Francisco,1799 Fulton St,"{'type': 'Point', 'coordinates': [-122.446485, 37.77582]}",1997-07-26T00:00:00.000,0
71,94102,Starbucks Coffee #5405,Starbucks Corporation,San Francisco,140 Van Ness Ave,"{'type': 'Point', 'coordinates': [-122.419559, 37.776977]}",1997-07-19T00:00:00.000,0
72,94102,Starbucks Coffee #5404,Starbucks Corporation,San Francisco,442 Geary St,"{'type': 'Point', 'coordinates': [-122.410587, 37.787059]}",1997-07-05T00:00:00.000,0
73,94105,Starbucks Coffee #5431,Starbucks Corporation,San Francisco,123 Mission St,"{'type': 'Point', 'coordinates': [-122.39462, 37.792099]}",1997-06-28T00:00:00.000,2017-11-20T00:00:00.000
74,94107,Starbucks Coffee Company,Starbucks Corporation,San Francisco,444 De Haro St Ste 218,"{'type': 'Point', 'coordinates': [-122.401555, 37.764194]}",2001-01-01T00:00:00.000,0
75,94127,Starbucks Coffee #5271,Starbucks Corporation,San Francisco,100 West Portal Ave,"{'type': 'Point', 'coordinates': [-122.467042, 37.739756]}",1996-07-28T00:00:00.000,0
76,94103,Starbucks Coffee #5237,Starbucks Corporation,San Francisco,1231 Market St,"{'type': 'Point', 'coordinates': [-122.415275, 37.778313]}",1997-01-01T00:00:00.000,0
77,94103,Starbucks Coffee,Starbucks Corporation,San Francisco,01 120  4th St,"{'type': 'Point', 'coordinates': [-122.405883, 37.785718]}",2002-01-01T00:00:00.000,2017-05-04T00:00:00.000
78,94114,Starbucks Coffee,Starbucks Corporation,San Francisco,2020 Market St,"{'type': 'Point', 'coordinates': [-122.427535, 37.768701]}",1997-11-11T00:00:00.000,2018-02-18T00:00:00.000
79,94105,Starbucks Coffee,Starbucks Corporation,San Francisco,340 Mission St,"{'type': 'Point', 'coordinates': [-122.395943, 37.791056]}",1997-04-15T00:00:00.000,2012-07-25T00:00:00.000
80,94111,Starbucks Coffee,Starbucks Corporation,San Francisco,505 Sansome St,"{'type': 'Point', 'coordinates': [-122.401564, 37.795122]}",1996-12-14T00:00:00.000,2015-02-13T00:00:00.000
81,94115,Starbucks Coffee,Starbucks Corporation,San Francisco,1750 Divisadero St,"{'type': 'Point', 'coordinates': [-122.439978, 37.785934]}",1996-10-26T00:00:00.000,0
82,94118,Starbucks Coffee,Starbucks Corporation,San Francisco,3595 California St,"{'type': 'Point', 'coordinates': [-122.453255, 37.786403]}",1992-03-03T00:00:00.000,0
83,94111,Starbucks Coffee,Starbucks Corporation,San Francisco,99 Jackson St,"{'type': 'Point', 'coordinates': [-122.397775, 37.79717]}",1992-03-03T00:00:00.000,0
84,94103,Starbucks Coffee,Starbucks Corporation,San Francisco,120 4th St,"{'type': 'Point', 'coordinates': [-122.40419, 37.784435]}",1995-08-10T00:00:00.000,0
85,94105,Starbucks Coffee,Starbucks Corporation,San Francisco,201 Spear St,"{'type': 'Point', 'coordinates': [-122.392069, 37.790953]}",1995-06-24T00:00:00.000,0
86,94108,Starbucks Coffee,Starbucks Corporation,San Francisco,264 Kearny St,"{'type': 'Point', 'coordinates': [-122.404003, 37.790549]}",1995-03-04T00:00:00.000,0
87,94122,Starbucks Coffee,Starbucks Corporation,San Francisco,744 Irving St,"{'type': 'Point', 'coordinates': [-122.465451, 37.76408]}",1995-02-11T00:00:00.000,0
88,94105,Starbucks Coffee,Starbucks Corporation,San Francisco,74 New Montgomery St,"{'type': 'Point', 'coordinates': [-122.400989, 37.787866]}",1992-03-03T00:00:00.000,0
89,94114,Starbucks Coffee,Starbucks Corporation,San Francisco,3995 24th St,"{'type': 'Point', 'coordinates': [-122.431781, 37.75144]}",1993-06-25T00:00:00.000,0
90,94104,Starbucks Coffee,Starbucks Corporation,San Francisco,369 Pine St,"{'type': 'Point', 'coordinates': [-122.402015, 37.79197]}",1992-03-03T00:00:00.000,2003-12-02T00:00:00.000
91,94109,Starbucks Coffee,Starbucks Corporation,San Francisco,2163 Polk St,"{'type': 'Point', 'coordinates': [-122.421931, 37.796646]}",1992-03-03T00:00:00.000,0
92,94115,Starbucks Coffee,Starbucks Corporation,San Francisco,2222 Fillmore St,"{'type': 'Point', 'coordinates': [-122.434077, 37.790037]}",1992-03-03T00:00:00.000,0
93,94123,Starbucks Coffee,Starbucks Corporation,San Francisco,2132 Chestnut St,"{'type': 'Point', 'coordinates': [-122.438576, 37.800517]}",1992-03-03T00:00:00.000,0
94,94123,Starbucks Coffee,Starbucks Corporation,San Francisco,1899 Union St,"{'type': 'Point', 'coordinates': [-122.430569, 37.797727]}",1992-03-03T00:00:00.000,0
95,94111,Peet's Coffee And Tea Inc,Peet's Coffee & Tea Inc,San Francisco,Ferry Bldg The Embarcadero C3,0,2003-03-07T00:00:00.000,0
96,94109,Peet's Coffee And Tea Inc,Peet's Coffee & Tea Inc,San Francisco,2139 Polk St #C,"{'type': 'Point', 'coordinates': [-122.42191, 37.79654]}",1993-08-18T00:00:00.000,0
97,94103,Peet's Coffee And Tea Inc,Peet's Coffee & Tea Inc,San Francisco,2300 16th St Ste 240,"{'type': 'Point', 'coordinates': [-122.410113, 37.765632]}",1996-08-16T00:00:00.000,0
98,94104,Peet's Coffee And Tea Inc,Peet's Coffee & Tea Inc,San Francisco,217 Montgomery St,"{'type': 'Point', 'coordinates': [-122.40246, 37.791275]}",1997-08-01T00:00:00.000,2017-06-16T00:00:00.000
99,94105,Peet's Coffee And Tea Inc,Peet's Coffee & Tea Inc,San Francisco,101 2nd St,"{'type': 'Point', 'coordinates': [-122.399452, 37.787733]}",2000-10-29T00:00:00.000,2018-05-20T00:00:00.000
100,94111,Peet's Coffee & Tea,Peet's Coffee & Tea Inc,San Francisco,2 Embarcadero Ctr #R2113,0,2005-05-23T00:00:00.000,0
101,94102,Peet's Coffee & Tea,Peet's Coffee & Tea Inc,San Francisco,601 Van Ness Ave,"{'type': 'Point', 'coordinates': [-122.420616, 37.781471]}",2005-12-12T00:00:00.000,0
102,94103,Peet's Coffee & Tea,Peet's Coffee & Tea Inc,San Francisco,680 Mission St,"{'type': 'Point', 'coordinates': [-122.401767, 37.786481]}",2006-07-10T00:00:00.000,2018-04-18T00:00:00.000
103,94117,Peet's Coffee & Tea,Peet's Coffee & Tea Inc,San Francisco,310 Broderick St,"{'type': 'Point', 'coordinates': [-122.439119, 37.773024]}",2006-09-18T00:00:00.000,0
104,94111,Peet's Coffee & Tea,Peet's Coffee & Tea Inc,San Francisco,1 California St,"{'type': 'Point', 'coordinates': [-122.397317, 37.793534]}",2006-12-11T00:00:00.000,0
105,94118,Peet's Coffee & Tea,Peet's Coffee & Tea Inc,San Francisco,5201 Geary Blvd,"{'type': 'Point', 'coordinates': [-122.475276, 37.780453]}",2006-11-27T00:00:00.000,0
106,94132,Peet's Coffee & Tea,Peet's Coffee & Tea Inc,San Francisco,1509 Sloat Blvd,"{'type': 'Point', 'coordinates': [-122.489163, 37.734038]}",2012-09-26T00:00:00.000,0
107,94103,Peet's Coffee & Tea,Peet's Coffee & Tea Inc,San Francisco,555 9th St #B5,"{'type': 'Point', 'coordinates': [-122.407662, 37.770594]}",2007-12-03T00:00:00.000,0
108,94109,Peet's Coffee & Tea,Peet's Coffee & Tea Inc,San Francisco,1400 Van Ness Ave,"{'type': 'Point', 'coordinates': [-122.421908, 37.788633]}",2008-11-24T00:00:00.000,0
109,94105,Peet's Coffee & Tea,Peet's Coffee & Tea Inc,San Francisco,595 Market St,"{'type': 'Point', 'coordinates': [-122.400916, 37.789648]}",2008-11-17T00:00:00.000,0
110,94108,Peet's Coffee & Tea,Peet's Coffee & Tea Inc,San Francisco,101 Post St,"{'type': 'Point', 'coordinates': [-122.403893, 37.788865]}",2014-08-19T00:00:00.000,0
111,94105,Peet's Coffee & Tea,Peet's Coffee & Tea Inc,San Francisco,337 Seawall Lot Lnd Area 1-1,0,2015-02-27T00:00:00.000,2016-02-14T00:00:00.000
112,94102,Peet's Coffee & Tea,Peet's Coffee & Tea Inc,San Francisco,773 Market St,0,2016-07-22T00:00:00.000,0
113,94102,Peet's Coffee & Tea,Evans Brothers Cabinets,San Francisco,773 Market St,0,2016-08-01T00:00:00.000,2018-05-24T00:00:00.000
114,94103,Peet's Coffee & Tea,Peet's Coffee & Tea Inc,San Francisco,625 8th St B1,0,2019-04-11T00:00:00.000,0
115,94123,Peet's Coffee And Tea Inc,Peet's Coffee & Tea Inc,San Francisco,2156 Chestnut St,"{'type': 'Point', 'coordinates': [-122.438913, 37.800474]}",1989-01-01T00:00:00.000,2013-05-31T00:00:00.000
116,94127,Peet's Coffee And Tea Inc,Peet's Coffee & Tea Inc,San Francisco,54 West Portal Ave,"{'type': 'Point', 'coordinates': [-122.466578, 37.740177]}",1989-01-01T00:00:00.000,0
117,94114,Peet's Coffee And Tea Inc,Peet's Coffee & Tea Inc,San Francisco,2257 Market St,"{'type': 'Point', 'coordinates': [-122.432007, 37.764979]}",1992-01-10T00:00:00.000,0
118,94104,Peet's Coffee And Tea,Peet's Coffee & Tea Inc,San Francisco,155 Montgomery St,0,2017-04-17T00:00:00.000,0
119,94103,Peet's Coffee And Tea Inc,Peet's Coffee & Tea Inc,San Francisco,855 Brannan St,0,2018-05-11T00:00:00.000,2018-05-31T00:00:00.000
120,94105,Peet's Coffee And Tea Inc,Peet's Coffee & Tea Inc,San Francisco,595 Mission St,"{'type': 'Point', 'coordinates': [-122.399703, 37.788081]}",2002-01-01T00:00:00.000,0
121,94111,Peet's Coffee And Tea Inc,Peet's Coffee & Tea Inc,San Francisco,22 Battery St,"{'type': 'Point', 'coordinates': [-122.399629, 37.791547]}",1995-08-01T00:00:00.000,0
122,94105,Peet's Coffee & Tea,Peet's Coffee & Tea Inc,San Francisco,405 Howard St,"{'type': 'Point', 'coordinates': [-122.395477, 37.788955]}",2007-01-04T00:00:00.000,0
123,94118,Peet's Coffee And Tea Inc,Peet's Coffee & Tea Inc,San Francisco,3419 California St,"{'type': 'Point', 'coordinates': [-122.45046, 37.786755]}",1989-01-01T00:00:00.000,0
124,94115,Peet's Coffee And Tea Inc,Peet's Coffee & Tea Inc,San Francisco,2197 Fillmore St,"{'type': 'Point', 'coordinates': [-122.434031, 37.78982]}",1995-08-01T00:00:00.000,0
125,94132,Peet's Coffee & Tea Inc,Peet's Coffee & Tea Inc,San Francisco,3251 20th Ave,"{'type': 'Point', 'coordinates': [-122.475605, 37.727905]}",2013-06-24T00:00:00.000,0
126,94117,Peet's Coffee And Tea Inc,Peet's Coffee & Tea Inc,San Francisco,919 Cole St,"{'type': 'Point', 'coordinates': [-122.449934, 37.76564]}",2013-07-29T00:00:00.000,0
127,94132,Peet's Coffee & Tea,Emmar Brands Corporation,San Francisco,1630 Holloway Ave,"{'type': 'Point', 'coordinates': [-122.477631, 37.720868]}",2012-04-09T00:00:00.000,0
128,94123,Peet's Coffee & Tea,Peet's Coffee & Tea Inc,San Francisco,2080 Chestnut St,"{'type': 'Point', 'coordinates': [-122.437864, 37.800607]}",2014-02-01T00:00:00.000,0
129,94105,Peet's Coffee & Tea,Peet's Coffee & Tea Inc,San Francisco,121 Spear St,0,2016-07-22T00:00:00.000,0
130,94102,Peet's Coffee & Tea,Peet's Coffee & Tea,San Francisco,1400 Mission St Ste 130,0,2016-10-07T00:00:00.000,2016-10-07T00:00:00.000
131,94105,Peet's Coffee & Tea,Peet's Coffee & Tea Inc,San Francisco,692 Mission St,0,2006-07-10T00:00:00.000,0
132,94102,Peet's Coffee & Tea,Peet's Coffee & Tea Inc,San Francisco,1400 Mission St Ste 130,0,2018-01-01T00:00:00.000,0
133,94110,Phil'z Coffee,Philz Coffee Inc,San Francisco,3101 24th St,"{'type': 'Point', 'coordinates': [-122.414084, 37.752505]}",2007-04-01T00:00:00.000,0
134,94114,Phil'z Coffee,Philz Coffee Inc,San Francisco,4298 24th St,"{'type': 'Point', 'coordinates': [-122.438524, 37.751028]}",2012-03-30T00:00:00.000,0
135,94114,Phil'z Coffee,Philz Coffee Inc,San Francisco,4023 18th St,"{'type': 'Point', 'coordinates': [-122.433294, 37.760994]}",2007-08-01T00:00:00.000,2015-10-05T00:00:00.000
136,94110,Phil'z Coffee,Philz Coffee Inc,San Francisco,1300 Potrero Ave,"{'type': 'Point', 'coordinates': [-122.406211, 37.751148]}",2009-11-01T00:00:00.000,2015-02-28T00:00:00.000
137,94124,Phil'z Coffee,Philz Coffee Inc,San Francisco,301 Toland Street,"{'type': 'Point', 'coordinates': [-122.397423, 37.745551]}",2012-04-01T00:00:00.000,2015-06-22T00:00:00.000
138,94102,Phil'z Coffee,Philz Coffee Inc,San Francisco,399 Golden Gate Ave,"{'type': 'Point', 'coordinates': [-122.416884, 37.781482]}",2013-02-01T00:00:00.000,0
139,94109,Phil'z Coffee,Philz Coffee Inc,San Francisco,2234 Polk St,0,2019-06-10T00:00:00.000,0
140,94111,Phil'z Coffee,Philz Coffee Inc,San Francisco,1 Front St,"{'type': 'Point', 'coordinates': [-122.398473, 37.791868]}",2015-03-10T00:00:00.000,0
141,94111,Phil'z Coffee,Philz Coffee Inc,San Francisco,5 Embarcadero Ctr,"{'type': 'Point', 'coordinates': [-122.396158, 37.795106]}",2015-06-02T00:00:00.000,0
142,0,Phil'z Coffee,Philz Coffee Inc,San Francisco,1258 Minnesota St,"{'type': 'Point', 'coordinates': [-122.389903, 37.754289]}",2015-02-01T00:00:00.000,0
143,94158,Phil'z Coffee,Philz Coffee Inc,San Francisco,201 Berry St,"{'type': 'Point', 'coordinates': [-122.391601, 37.777184]}",2007-04-01T00:00:00.000,0
144,94114,Phil'z Coffee,Philz Coffee Inc,San Francisco,549 Castro St,"{'type': 'Point', 'coordinates': [-122.434916, 37.760068]}",2015-04-23T00:00:00.000,0
145,94103,Phil'z Coffee,Philz Coffee Inc,San Francisco,1775 17th St,"{'type': 'Point', 'coordinates': [-122.401616, 37.764886]}",2015-04-23T00:00:00.000,0
146,94112,Phil'z Coffee,Philz Coffee Inc,San Francisco,1100 Ocean Ave,"{'type': 'Point', 'coordinates': [-122.45412, 37.72345]}",2016-05-31T00:00:00.000,2016-06-26T00:00:00.000
147,94112,Phil'z Coffee,Philz Coffee Inc,San Francisco,1110 Ocean Ave,0,2016-06-27T00:00:00.000,0
148,94105,Phil'z Coffee,Philz Coffee Inc,San Francisco,300 Folsom St,"{'type': 'Point', 'coordinates': [-122.392895, 37.788565]}",2007-04-01T00:00:00.000,0
149,94111,Blue Bottle Coffee,Blue Bottle Coffee Inc,San Francisco,1 Ferry Bldg North Arcade 56,0,2015-11-20T00:00:00.000,0
150,94607,Blue Bottle Coffee,Blue Bottle Coffee Inc,San Francisco,1 Ferry Bldg Mkt Place,0,2016-11-29T00:00:00.000,0
151,94103,Blue Bottle Coffee,Blue Bottle Coffee Inc,San Francisco,705 Market St,0,2019-09-10T00:00:00.000,0
152,94111,Blue Bottle Coffee,Blue Bottle Coffee Llc,San Francisco,1 Ferry Bldg Plaza,0,2015-08-19T00:00:00.000,0
153,94103,Blue Bottle Coffee,Blue Bottle Coffee Inc,San Francisco,703 Market St,0,2019-08-09T00:00:00.000,0
154,94111,Blue Bottle Ferry Building,Blue Bottle Ferry Building Llc,San Francisco,1 Ferry Bldg Mkt Place 7,0,2009-04-02T00:00:00.000,2016-12-28T00:00:00.000
155,94104,Blue Bottle Coffee,Blue Bottle Coffee Inc,San Francisco,199 Sutter St,0,2019-08-06T00:00:00.000,0
156,94107,Blue Bottle Coffee,Blue Bottle Coffee Inc,San Francisco,2 South Park St,"{'type': 'Point', 'coordinates': [-122.392981, 37.782359]}",2016-06-07T00:00:00.000,0
157,94103,Blue Bottle Coffee,Blue Bottle Coffee Llc,San Francisco,1355 Market St #100,"{'type': 'Point', 'coordinates': [-122.416681, 37.777203]}",2014-11-10T00:00:00.000,0
158,94111,Blue Bottle Coffee Llc,Blue Bottle Coffee Llc,San Francisco,1 Ferry Bldg Plaza,0,2011-01-01T00:00:00.000,0
159,94104,Blue Bottle Coffee,Blue Bottle Coffee Llc,San Francisco,115 Sansome St,"{'type': 'Point', 'coordinates': [-122.400816, 37.791458]}",2014-11-10T00:00:00.000,0
160,94103,Blue Bottle Coffee,Blue Bottle Coffee Llc,San Francisco,1 Mint Plz,0,2014-11-10T00:00:00.000,0
161,94102,Blue Bottle Coffee Llc,Blue Bottle Coffee Llc,San Francisco,315 Linden St,"{'type': 'Point', 'coordinates': [-122.423131, 37.776396]}",2008-08-18T00:00:00.000,0
162,94103,Blue Bottle Coffee Llc,Blue Bottle Coffee Llc,San Francisco,151 3rd St,"{'type': 'Point', 'coordinates': [-122.401139, 37.785539]}",2009-05-14T00:00:00.000,2013-06-02T00:00:00.000
163,94103,Blue Bottle Coffee Llc,Blue Bottle Coffee Llc,San Francisco,66 Mint St,"{'type': 'Point', 'coordinates': [-122.407489, 37.782437]}",2010-01-01T00:00:00.000,0
164,94110,Blue Bottle Coffee Llc,Blue Bottle Coffee Llc,San Francisco,550 Florida Street,"{'type': 'Point', 'coordinates': [-122.411189, 37.762488]}",2012-07-06T00:00:00.000,2016-10-17T00:00:00.000
165,94115,Blue Bottle Coffee,Blue Bottle Coffee Llc,San Francisco,2401 Jackson St,"{'type': 'Point', 'coordinates': [-122.434844, 37.792437]}",2015-10-21T00:00:00.000,2015-10-21T00:00:00.000
166,94113,Blue Bottle Coffee Inc,Blue Bottle Coffee Inc,San Francisco,909 Montgomery St Ste 105,0,2019-02-22T00:00:00.000,0
167,94109,Blue Bottle Coffee,Blue Bottle Coffee Inc,San Francisco,628 California St,0,2017-01-06T00:00:00.000,0
168,94105,Blue Bottle Coffee,Blue Bottle Coffee Inc,San Francisco,168 2nd Street St,0,2018-09-05T00:00:00.000,0
169,94115,Blue Bottle Coffee,Blue Bottle Coffee Inc,San Francisco,2453 Fillmore St,"{'type': 'Point', 'coordinates': [-122.434514, 37.792185]}",2016-04-26T00:00:00.000,0
170,94110,Sightglass Coffee,Sightglass Coffee Roasters Llc,San Francisco,3014 20th St,"{'type': 'Point', 'coordinates': [-122.410979, 37.759121]}",2016-01-01T00:00:00.000,0
171,94103,Sightglass Coffee Roasters Llc,Sightglass Coffee Roasters Llc,San Francisco,270 7th St,"{'type': 'Point', 'coordinates': [-122.408279, 37.777081]}",2009-10-01T00:00:00.000,0
172,94110,Sightglass Coffee,Sightglass Coffee 20th St Llc,San Francisco,3014 20th St,"{'type': 'Point', 'coordinates': [-122.410979, 37.759121]}",2014-02-01T00:00:00.000,2015-12-31T00:00:00.000
173,94103,Sightglass Coffee,Sightglass Coffee Roasters Llc,San Francisco,151 3rd St,"{'type': 'Point', 'coordinates': [-122.401139, 37.785539]}",2016-04-15T00:00:00.000,0
174,94117,Sightglass Coffee,Sightglass Coffee Roasters Llc,San Francisco,301 Divisadero St,0,2016-08-12T00:00:00.000,0
175,94110,Ritual Coffee Roasters,Ritual Coffee Roasters Inc,San Francisco,3141 17th St,0,2019-02-15T00:00:00.000,0
176,94114,Ritual Coffee Roasters,Ritual Coffee Roasters Inc,San Francisco,2299 Market St A,0,2017-05-08T00:00:00.000,0
177,94117,Ritual Coffee Roasters,Ritual Coffee Roasters Inc,San Francisco,1300 Haight St,"{'type': 'Point', 'coordinates': [-122.443956, 37.770378]}",2016-03-21T00:00:00.000,0
178,94114,Ritual Coffee,Ritual Coffee Roasters Inc,San Francisco,2299 Market St Unit A,0,2017-05-08T00:00:00.000,2017-06-09T00:00:00.000
179,94110,Ritual Coffee Roasters,Ritual Coffee Roasters Inc,San Francisco,1026 Valencia St,"{'type': 'Point', 'coordinates': [-122.421082, 37.756444]}",2008-01-01T00:00:00.000,0
180,94103,Ritual Coffee Roasters,Ritual Coffee Roasters Inc,San Francisco,1050 Howard St,"{'type': 'Point', 'coordinates': [-122.408401, 37.778752]}",2009-11-01T00:00:00.000,0
181,94124,Ritual Coffee Roasters,Ritual Coffee Roasters Inc,San Francisco,1634 Jerrold Ave,"{'type': 'Point', 'coordinates': [-122.390244, 37.739296]}",2009-01-01T00:00:00.000,0
182,94102,Ritual Coffee Roasters,Ritual Coffee Roasters Inc,San Francisco,432 Octavia St,"{'type': 'Point', 'coordinates': [-122.424298, 37.776343]}",2011-05-12T00:00:00.000,0
183,94103,Fourbarrel Coffee,Fourbarrel Coffee,San Francisco,375 Valencia St,"{'type': 'Point', 'coordinates': [-122.422088, 37.766975]}",2007-07-27T00:00:00.000,0
184,94134,Fourbarrel Coffee,Fourbarrel Coffee,San Francisco,2599 San Bruno Ave,"{'type': 'Point', 'coordinates': [-122.404136, 37.728906]}",2013-06-10T00:00:00.000,0
185,94111,Fourbarrel Coffee,Fourbarrel Coffee,San Francisco,1 Columbus Ave,"{'type': 'Point', 'coordinates': [-122.403589, 37.795745]}",2015-06-01T00:00:00.000,2016-06-01T00:00:00.000
186,94122,Fourbarrel Coffee,Fourbarrel Coffee,San Francisco,1226 9th Ave,"{'type': 'Point', 'coordinates': [-122.4664, 37.765337]}",2015-06-01T00:00:00.000,2018-04-01T00:00:00.000
187,94117,The Mill,Fourbarrel Coffee,San Francisco,736 Divisadero St,"{'type': 'Point', 'coordinates': [-122.438046, 37.776408]}",2012-12-19T00:00:00.000,0
188,94124,Trouble Coffee Company,Carrelli Jiulietta M,San Francisco,1730 Yosemite St,"{'type': 'Point', 'coordinates': [-122.394106, 37.728236]}",2012-11-17T00:00:00.000,2017-07-04T00:00:00.000
189,94122,Trouble Coffee Company,Carrelli Jiulietta M,San Francisco,4033 Judah St,"{'type': 'Point', 'coordinates': [-122.505198, 37.760462]}",2007-06-25T00:00:00.000,0
190,94105,Andytown Coffee Roasters,Andytown Llc,San Francisco,181 Fremont St,0,2018-10-31T00:00:00.000,0
191,94122,Andytown Coffee Roasters,Andytown Llc,San Francisco,3016 Taraval,0,2017-02-03T00:00:00.000,0
192,94116,Andytown Coffee Roasters,Andytown Llc,San Francisco,3629 Taraval,0,2017-02-03T00:00:00.000,0
193,94122,Andytown Coffee Roasters,Andytown Llc,San Francisco,3655 Lawton St,"{'type': 'Point', 'coordinates': [-122.502115, 37.756838]}",2013-06-14T00:00:00.000,0
194,94122,Snowbird Coffee,Brunmeda Llc,San Francisco,1352 9th Ave,"{'type': 'Point', 'coordinates': [-122.46624, 37.763074]}",2014-07-04T00:00:00.000,0
195,94117,Flywheel Coffee Roasters,Flywheel Coffee Inc,San Francisco,672 Stanyan St,0,2016-07-01T00:00:00.000,0
196,94117,Flywheel Coffee Roasters,Guerrero Aquiles,San Francisco,672 Stanyan St,"{'type': 'Point', 'coordinates': [-122.453639, 37.769652]}",2012-04-17T00:00:00.000,2016-06-30T00:00:00.000
197,94118,Fifty/fifty,18 Grams Llc,San Francisco,3157 Geary Blvd,"{'type': 'Point', 'coordinates': [-122.45273, 37.781718]}",2012-08-15T00:00:00.000,0
198,94123,Wrecking Ball Coffee Roasters,Wrecking Ball Coffee Roasters,San Francisco,2271 Union St,"{'type': 'Point', 'coordinates': [-122.436661, 37.796935]}",2014-09-05T00:00:00.000,0
199,94121,Wrecking Ball Coffee Roasters,Wrecking Ball Coffee Roasters,San Francisco,426 45th Ave,"{'type': 'Point', 'coordinates': [-122.506282, 37.780467]}",2013-06-24T00:00:00.000,2014-09-05T00:00:00.000
200,94103,Wrecking Ball Coffee Roasters,Wrecking Ball Coffee Roasters,San Francisco,1580 Folsom St,0,2018-09-01T00:00:00.000,0
201,94107,Wrecking Ball Coffee Roasters,Wrecking Ball Coffee Roasters,San Francisco,88 Colin P. Kelly Junior St,0,2018-09-01T00:00:00.000,0
202,94116,Lady Falcon Coffee Club,Java Beach Coffee Roasters Inc,San Francisco,3620 Wawona St,"{'type': 'Point', 'coordinates': [-122.505743, 37.736132]}",2015-10-22T00:00:00.000,0
203,94116,Lady Falcon Coffee Club,Java Beach Coffee Roasters Inc,San Francisco,3620 Wawona St,0,2015-05-14T00:00:00.000,0
204,94103,Saint Frank Coffee,St Frank Coffee Llc,San Francisco,1081 Mission St,0,2017-05-31T00:00:00.000,0
205,94109,Saint Frank Coffee,St Frank Coffee Llc,San Francisco,2340 Polk St,"{'type': 'Point', 'coordinates': [-122.422279, 37.798424]}",2013-04-22T00:00:00.000,0
206,94107,Linea Caffe,Linea Caffe Llc,San Francisco,1125 Mariposa St,0,2019-03-31T00:00:00.000,0
207,94110,Linea Caffe,Linea Caffe Llc,San Francisco,3417 18th St,"{'type': 'Point', 'coordinates': [-122.419756, 37.761807]}",2013-01-31T00:00:00.000,0
208,94107,Linea Caffe Llc,Linea Caffe Llc,San Francisco,1125 Mariposa St,0,2019-03-31T00:00:00.000,0
209,94104,Coffee Cultures Inc,Coffee Cultures Inc,San Francisco,225 Bush St Ste 120,"{'type': 'Point', 'coordinates': [-122.401213, 37.791131]}",2013-06-24T00:00:00.000,2018-11-01T00:00:00.000
210,94103,Coffee Cultures Soma,Coffee Cultures Soma,San Francisco,1301 Mission St,0,2016-03-16T00:00:00.000,0
211,94133,Beacon Coffee & Pantry,Curbside Pantry Llc,San Francisco,805 Columbus Ave,"{'type': 'Point', 'coordinates': [-122.413109, 37.802327]}",2012-10-01T00:00:00.000,0
212,94133,Beacon Coffee Shop,Independent Plumbing Co Inc,San Francisco,807 Columbus St,"{'type': 'Point', 'coordinates': [-122.413226, 37.802402]}",2014-09-10T00:00:00.000,2014-10-13T00:00:00.000
213,94103,Sextant Coffee Roaster,Ahmed Kinani A,San Francisco,1415 Folsom St,"{'type': 'Point', 'coordinates': [-122.413057, 37.772637]}",2014-04-23T00:00:00.000,2010-12-31T00:00:00.000
214,94103,Sextant Coffee Roasters,Sextant Coffee Roasters,San Francisco,1415 Folsom St,"{'type': 'Point', 'coordinates': [-122.413057, 37.772637]}",2015-01-01T00:00:00.000,0
215,94102,Equator Coffees,"Equator Coffees, Llc",San Francisco,986 Market St,0,2017-08-01T00:00:00.000,0
216,94105,Equator Coffees & Teas,Equator Coffees & Teas Inc,San Francisco,222 2nd St,"{'type': 'Point', 'coordinates': [-122.398031, 37.786598]}",2016-06-14T00:00:00.000,2017-07-31T00:00:00.000
217,94102,Equator Coffees & Teas,Equator Coffees & Teas Inc,San Francisco,986 Market St,"{'type': 'Point', 'coordinates': [-122.410037, 37.782443]}",2014-08-21T00:00:00.000,2017-07-31T00:00:00.000
218,94105,Equator Coffees,"Equator Coffees, Llc",San Francisco,222 2nd St,0,2017-08-01T00:00:00.000,0
219,94123,Equator Coffees,"Equator Coffees, Llc",San Francisco,2 Marina Blvd,0,2017-08-01T00:00:00.000,0
220,94133,Caffe Trieste,Caffe Trieste Inc,San Francisco,601 Vallejo St,"{'type': 'Point', 'coordinates': [-122.407342, 37.798756]}",1991-01-01T00:00:00.000,0
221,94133,Caffe Trieste Superb Coffees,Caffe Trieste Superb Coffe Inc,San Francisco,609 Vallejo St,"{'type': 'Point', 'coordinates': [-122.407506, 37.798737]}",1992-01-01T00:00:00.000,0
222,94103,Caffe Trieste,Sf Cafe Partners Llc,San Francisco,1667 Market St,"{'type': 'Point', 'coordinates': [-122.421267, 37.773445]}",2006-06-06T00:00:00.000,2018-06-30T00:00:00.000
223,94107,Caffe Trieste Superb Coffees,Caffe Trieste Superb Coffe Inc,San Francisco,1465 25th St,"{'type': 'Point', 'coordinates': [-122.393226, 37.75251]}",1993-03-18T00:00:00.000,0
224,94111,Chapel Hill Coffee Llc,Chapel Hill Coffee Llc,San Francisco,670 Commerical St Unit B,"{'type': 'Point', 'coordinates': [-122.40423, 37.794071]}",2014-11-01T00:00:00.000,0
225,94102,Mazarine Coffee,Mazarine Coffee Llc,San Francisco,720 Market St,"{'type': 'Point', 'coordinates': [-122.403885, 37.787325]}",2014-05-27T00:00:00.000,0
226,94105,La Capra Coffee,Hsm Coffee Llc,San Francisco,50 Fremont St 110,"{'type': 'Point', 'coordinates': [-122.3971, 37.790767]}",2014-09-08T00:00:00.000,0
227,94107,La Capra Coffee,Shm Coffee Llc,San Francisco,360 3rd St Ste 101,"{'type': 'Point', 'coordinates': [-122.398043, 37.783077]}",2015-04-27T00:00:00.000,0
228,94107,Provender,Potrero Provender Llc,San Francisco,1415 18th St,"{'type': 'Point', 'coordinates': [-122.39668, 37.762573]}",2015-02-26T00:00:00.000,2019-09-23T00:00:00.000
229,94107,Provender,Provender Llc,San Francisco,1415 18th St,0,2019-08-30T00:00:00.000,0
230,94107,Provender Coffee,Provender Llc,San Francisco,1415 18th St,0,2019-08-30T00:00:00.000,2019-09-03T00:00:00.000
231,94107,Farleys,Hillyard Roger W,San Francisco,1315 18th St,"{'type': 'Point', 'coordinates': [-122.395981, 37.762614]}",1989-02-14T00:00:00.000,2011-05-31T00:00:00.000
232,94107,Reveille Coffee Co,Ever88 Llc,San Francisco,937 Harrison St,0,2017-06-27T00:00:00.000,2019-08-02T00:00:00.000
233,94107,Reveille Coffee Truck,New England Dough Boys Inc,San Francisco,937 Harrison St,"{'type': 'Point', 'coordinates': [-122.402635, 37.778419]}",2010-04-15T00:00:00.000,2019-08-06T00:00:00.000
234,94111,Reveille Coffee,Mr Lucky 0168 Llc,San Francisco,768 Sansome St,0,2019-08-02T00:00:00.000,0
235,94107,Reveille Coffee,New England Dough Boys Inc,San Francisco,937 Harrison St,"{'type': 'Point', 'coordinates': [-122.402635, 37.778419]}",2010-04-15T00:00:00.000,2019-08-06T00:00:00.000
236,94133,Reveille Coffee Co,New England Dough Boys Inc,San Francisco,200 Columbus Ave,"{'type': 'Point', 'coordinates': [-122.406009, 37.797401]}",2012-08-24T00:00:00.000,2019-08-06T00:00:00.000
237,94114,Reveille Coffee Co,Mmnllc,San Francisco,4076 18th St,"{'type': 'Point', 'coordinates': [-122.434493, 37.76092]}",2013-12-11T00:00:00.000,0
238,94107,Reveille Coffee Roasters,Shy Girl Llc,San Francisco,610 Long Bridge St,0,2015-05-21T00:00:00.000,0
239,94133,Reveille Coffee,Mr Lucky 0168 Llc,San Francisco,200 Columbus Ave,0,2018-07-30T00:00:00.000,0
240,94133,Caffe Puccini,Lucchesi Graziano,San Francisco,411 Columbus Ave,"{'type': 'Point', 'coordinates': [-122.408031, 37.798757]}",1991-08-09T00:00:00.000,2017-10-10T00:00:00.000
241,98104,Board Of Directors,Starbucks Corporation,Seattle,700 5Th,0,2010-07-01T00:00:00.000,0
242,98134,Starbucks Coffee    9303,Starbucks Corporation,Seattle,1962 1St Ave S,0,2005-05-06T00:00:00.000,0
243,98134,Starbucks Coffee   100,Starbucks Corporation,Seattle,2401 Utah Ave S,0,1993-08-14T00:00:00.000,0
244,98104,Starbucks Coffee   10302,Starbucks Corporation,Seattle,701 5Th Ave # 4020,0,2006-09-12T00:00:00.000,0
245,98121,Starbucks Coffee   106,Starbucks Corporation,Seattle,2101 4Th Ave # 150,0,1990-01-01T00:00:00.000,0
246,98101,Starbucks Coffee   109 Kiosk,Starbucks Corporation,Seattle,1420 5Th Ave,0,1990-01-01T00:00:00.000,0
247,98101,Starbucks Coffee   10927,Starbucks Corporation,Seattle,1301 2Nd Ave #2Nd Fl,0,2006-06-23T00:00:00.000,0
248,98104,Starbucks Coffee   112,Starbucks Corporation,Seattle,1101 E Madison St,0,1994-03-26T00:00:00.000,0
249,98101,Starbucks Coffee   113,Starbucks Corporation,Seattle,1501 4Th Ave,0,1994-03-28T00:00:00.000,0
250,98101,Starbucks Coffee   114,Starbucks Corporation,Seattle,600 University St,0,1994-11-01T00:00:00.000,0
251,98101,Starbucks Coffee   115,Starbucks Corporation,Seattle,600 Stewart St,0,1994-10-29T00:00:00.000,0
252,98126,Starbucks Coffee   11668,Starbucks Corporation,Seattle,4408 Fauntleroy Way Sw,0,2006-11-06T00:00:00.000,0
253,98109,Starbucks Coffee   13915,Starbucks Corporation,Seattle,320 Westlake Ave N,0,2007-10-31T00:00:00.000,0
254,98134,Starbucks Coffee   14247,Starbucks Corporation,Seattle,4115 4Th Ave S,0,2008-06-27T00:00:00.000,0
255,98101,Starbucks Coffee   14870,Starbucks Corporation,Seattle,102 Pike St,0,2009-02-05T00:00:00.000,0
256,98101,Starbucks Coffee   2937,Starbucks Corporation,Seattle,1101 Alaskan Way,0,2004-04-15T00:00:00.000,0
257,98101,Starbucks Coffee   301,Starbucks Corporation,Seattle,1912 Pike Pl,0,1989-01-01T00:00:00.000,0
258,98105,Starbucks Coffee   302,Starbucks Corporation,Seattle,4634 26Th Ave Ne,0,1989-01-01T00:00:00.000,0
259,98102,Starbucks Coffee   304,Starbucks Corporation,Seattle,101  Broadway E #,0,1989-01-01T00:00:00.000,0
260,98119,Starbucks Coffee   314,Starbucks Corporation,Seattle,2135 Queen Anne Ave N,0,1989-04-29T00:00:00.000,0
261,98136,Starbucks Coffee   3202,Starbucks Corporation,Seattle,6501 California Ave Sw,0,1993-08-14T00:00:00.000,0
262,98109,Starbucks Coffee   3204,Starbucks Corporation,Seattle,305 Harrison St # 220,0,1995-09-16T00:00:00.000,0
263,98103,Starbucks Coffee   3211,Starbucks Corporation,Seattle,316 N 67Th St,0,1996-06-01T00:00:00.000,0
264,98121,Starbucks Coffee   3218,Starbucks Corporation,Seattle,2326 1St Ave,0,1999-07-16T00:00:00.000,0
265,98144,Starbucks Coffee   3231,Starbucks Corporation,Seattle,2300 S Jackson St #A,0,1997-07-26T00:00:00.000,0
266,98125,Starbucks Coffee   3237,Starbucks Corporation,Seattle,301 Ne Northgate Way # 450,0,1997-12-20T00:00:00.000,0
267,98115,Starbucks Coffee   3248,Starbucks Corporation,Seattle,6400 Roosevelt Way Ne,0,1999-12-10T00:00:00.000,0
268,98101,Starbucks Coffee   3261,Starbucks Corporation,Seattle,600 Pine St,0,1998-10-28T00:00:00.000,0
269,98101,Starbucks Coffee   3289,Starbucks Corporation,Seattle,1420 5Th Ave #226,0,1999-09-25T00:00:00.000,0
270,98107,Starbucks Coffee   3294,Starbucks Corporation,Seattle,4400 11Th Ave Nw,0,2000-01-04T00:00:00.000,0
271,98121,Starbucks Coffee   3296,Starbucks Corporation,Seattle,211 Lenora St,0,1999-12-01T00:00:00.000,0
272,98125,Starbucks Coffee   3297,Starbucks Corporation,Seattle,14359 15Th Ave Ne,0,2000-05-27T00:00:00.000,0
273,98133,Starbucks Coffee   3300,Starbucks Corporation,Seattle,13027 Aurora Ave N,0,2000-10-14T00:00:00.000,0
274,98144,Starbucks Coffee   3302,Starbucks Corporation,Seattle,2921 M L King Jr Way S,0,2000-04-01T00:00:00.000,0
275,98116,Starbucks Coffee   3306,Starbucks Corporation,Seattle,2742 Alki Ave Sw,0,1999-12-02T00:00:00.000,0
276,98104,Starbucks Coffee   3307,Starbucks Corporation,Seattle,505 5Th Ave S #120,0,2000-09-16T00:00:00.000,0
277,98122,Starbucks Coffee   3324,Starbucks Corporation,Seattle,800 12Th Ave,0,2000-07-29T00:00:00.000,0
278,98101,Starbucks Coffee   3343A,Starbucks Corporation,Seattle,400 Pine St St,0,2001-11-21T00:00:00.000,0
279,98117,Starbucks Coffee   3346,Starbucks Corporation,Seattle,9999 Holman Rd Nw,0,2001-02-17T00:00:00.000,0
280,98104,Starbucks Coffee   3347,Starbucks Corporation,Seattle,999 3Rd Ave,0,2001-01-01T00:00:00.000,0
281,98109,Starbucks Coffee   3355,Starbucks Corporation,Seattle,425 Queen Anne Ave N,0,2002-01-12T00:00:00.000,0
282,98103,Starbucks Coffee   336,Starbucks Corporation,Seattle,2110 N 45Th St,0,1991-10-18T00:00:00.000,0
283,98104,Starbucks Coffee   3362,Starbucks Corporation,Seattle,400 Occidental S,0,2001-10-19T00:00:00.000,0
284,98133,Starbucks Coffee   3363,Starbucks Corporation,Seattle,2143 N Northgate Way,0,2001-09-28T00:00:00.000,0
285,98106,Starbucks Coffee   3376,Starbucks Corporation,Seattle,9023 25Th Ave Sw,0,2002-04-18T00:00:00.000,0
286,98101,Starbucks Coffee   3379,Starbucks Corporation,Seattle,1700 7Th Ave,0,2003-11-26T00:00:00.000,0
287,98104,Starbucks Coffee   3391,Starbucks Corporation,Seattle,811 1St Ave S,0,2002-11-20T00:00:00.000,0
288,98108,Starbucks Coffee   3408,Starbucks Corporation,Seattle,601 S Michigan St,0,2003-05-22T00:00:00.000,0
289,98102,Starbucks Coffee   3448,Starbucks Corporation,Seattle,2352 Eastlake Ave E,0,2004-08-13T00:00:00.000,0
290,98125,Starbucks Coffee   358,Starbucks Corporation,Seattle,540 Ne Northgate Way,0,1992-12-15T00:00:00.000,0
291,98104,Starbucks Coffee   363,Starbucks Corporation,Seattle,102 1St Ave S,0,1993-05-01T00:00:00.000,0
292,98103,Starbucks Coffee   370,Starbucks Corporation,Seattle,3401 Fremont Ave N # B,0,1993-08-15T00:00:00.000,0
293,98115,Starbucks Coffee   389,Starbucks Corporation,Seattle,7100 E Green Lake Dr N,0,1993-08-14T00:00:00.000,0
294,98101,Starbucks Coffee   392,Starbucks Corporation,Seattle,1125 4Th Ave,0,1995-01-01T00:00:00.000,0
295,98105,Starbucks Coffee   7941,Starbucks Corporation,Seattle,4147 University Way Ne,0,2004-09-30T00:00:00.000,0
296,98105,Starbucks Coffee   8068,Starbucks Corporation,Seattle,4800 Sand Point Way Ne,0,2010-06-15T00:00:00.000,0
297,98125,Starbucks Coffee   8777,Starbucks Corporation,Seattle,14330 Lake City Way Ne,0,2005-08-05T00:00:00.000,0
298,98105,Starbucks Coffee   8890 Kiosk,Starbucks Corporation,Seattle,4800 Sand Point Way Ne,0,2010-06-15T00:00:00.000,0
299,98101,Starbucks Coffee   9408,Starbucks Corporation,Seattle,1423 3Rd Ave,0,2005-07-08T00:00:00.000,0
300,98119,Starbucks Coffee   9447,Starbucks Corporation,Seattle,1414 Elliott Ave W,0,2004-11-25T00:00:00.000,0
301,98104,Starbucks Coffee  101,Starbucks Corporation,Seattle,701 5Th Ave # 1 Fl,0,1989-01-01T00:00:00.000,0
302,98101,Starbucks Coffee  104,Starbucks Corporation,Seattle,1730 Minor Ave # Ste 150,0,1990-01-01T00:00:00.000,0
303,98101,Starbucks Coffee  109,Starbucks Corporation,Seattle,1420 5Th Ave,0,1990-02-07T00:00:00.000,0
304,98104,Starbucks Coffee  111,Starbucks Corporation,Seattle,700 5Th Ave,0,1989-01-01T00:00:00.000,0
305,98121,Starbucks Coffee  13011,Starbucks Corporation,Seattle,2001 8Th Ave,0,2012-02-12T00:00:00.000,0
306,98134,Starbucks Coffee  15253,Starbucks Corporation,Seattle,2401 Utah Ave S # 8Th Fl,0,2011-03-01T00:00:00.000,0
307,98101,Starbucks Coffee  15719,Starbucks Corporation,Seattle,1201 3Rd Ave # 2780,0,2012-06-29T00:00:00.000,0
308,98104,Starbucks Coffee  16741,Starbucks Corporation,Seattle,800 5Th Ave,0,2012-06-29T00:00:00.000,0
309,98105,Starbucks Coffee  18871,Starbucks Corporation,Seattle,4500 40Th Ave Ne,0,2013-04-23T00:00:00.000,0
310,98122,Starbucks Coffee  19468,Starbucks Corporation,Seattle,824 E Pike St,0,2013-05-31T00:00:00.000,0
311,98103,Starbucks Coffee  19475,Starbucks Corporation,Seattle,8301 Aurora Ave N,0,2014-05-09T00:00:00.000,0
312,98107,Starbucks Coffee  19991,Starbucks Corporation,Seattle,5221 15Th Ave Nw,0,2013-09-02T00:00:00.000,0
313,98109,Starbucks Coffee  2810,Starbucks Corporation,Seattle,1200 Westlake Ave N,0,2003-09-25T00:00:00.000,0
314,98115,Starbucks Coffee  2958,Starbucks Corporation,Seattle,7301 35Th Ave Ne,0,2005-07-15T00:00:00.000,0
315,98105,Starbucks Coffee  305,Starbucks Corporation,Seattle,4555 University Way Ne,0,1989-01-01T00:00:00.000,0
316,98122,Starbucks Coffee  3238,Starbucks Corporation,Seattle,121 Lakeside Ave,0,1998-04-25T00:00:00.000,0
317,98118,Starbucks Coffee  3277,Starbucks Corporation,Seattle,4824 Rainier Ave S,0,2011-01-24T00:00:00.000,0
318,98101,Starbucks Coffee  3312,Starbucks Corporation,Seattle,1191 2Nd Ave,0,2000-03-25T00:00:00.000,0
319,98116,Starbucks Coffee  339,Starbucks Corporation,Seattle,4101 Sw Admiral Way,0,1991-01-01T00:00:00.000,0
320,98105,Starbucks Coffee  3394,Starbucks Corporation,Seattle,2650 Ne 49Th St,0,2003-05-08T00:00:00.000,0
321,98109,Starbucks Coffee 23730,Starbucks Corporation,Seattle,515 Westlake Ave N,0,2016-08-20T00:00:00.000,0
322,98121,Starbucks Coffee 23868,Starbucks Corporation,Seattle,2601 Elliott Ave,0,2015-08-07T00:00:00.000,0
323,98121,Starbucks Coffee 25577,Starbucks Corporation,Seattle,2011 7Th Ave # R2,0,2015-09-30T00:00:00.000,0
324,98146,Starbucks Coffee 49009,Starbucks Corporation,Seattle,1520 Sw 100Th St,0,2017-08-02T00:00:00.000,0
325,98103,Herkimer Coffee,Herkimer Coffee Llc,Seattle,7320 Greenwood Ave N,0,2003-04-01T00:00:00.000,0
326,98109,Herkimer Coffee,Herkimer Coffee Llc,Seattle,901 Dexter Ave N,0,2014-01-02T00:00:00.000,0
327,98105,Herkimer Coffee Llc,Herkimer Coffee Llc,Seattle,5611 University Way Ne,0,2013-01-01T00:00:00.000,0
328,98119,Zoka Coffee Company Llc,Zoka Coffee Company Llc,Seattle,1220 W Nickerson St,0,2009-01-07T00:00:00.000,0
329,98103,Zoka Coffee Company Llc,Zoka Coffee Company Llc,Seattle,2200 N 56Th St,0,2009-01-07T00:00:00.000,0
330,98105,Zoka Coffee Company Llc,Zoka Coffee Company Llc,Seattle,2901 Ne Blakeley St,0,2009-01-07T00:00:00.000,0
331,98103,Vif Wine Coffee,Scrubluna Llc,Seattle,4401 Fremont Ave N,0,2013-07-19T00:00:00.000,0
332,98103,Lighthouse Roasters Inc,Lighthouse Roasters Inc,Seattle,400 N 43Rd St,0,1993-06-01T00:00:00.000,0
333,98103,Milstead & Company,Nine Elms Inc,Seattle,754 N 34Th St,0,2011-04-01T00:00:00.000,0
334,98109,Caffe Ladro,Jpk Corp,Seattle,2205 Queen Anne Ave N,0,1994-07-01T00:00:00.000,0
335,98109,Caffe Ladro,Jpk Corp,Seattle,600 Queen Anne Ave N # 118,0,1997-11-01T00:00:00.000,0
336,98103,Caffe Ladro,Jpk Corp,Seattle,452 N 36Th St,0,2000-05-31T00:00:00.000,0
337,98136,Caffe Ladro,Jpk Corp,Seattle,7011 California Ave Sw,0,2000-08-01T00:00:00.000,0
338,98101,Caffe Ladro,Jpk Corp,Seattle,801 Pine St,0,2000-12-01T00:00:00.000,0
339,98112,Caffe Ladro,Jpk Corp,Seattle,435 15Th Ave E,0,2002-01-01T00:00:00.000,0
340,98101,Caffe Ladro,Jpk Corp,Seattle,108 Union St,0,2002-03-01T00:00:00.000,0
341,98101,Caffe Ladro,Jpk Corp,Seattle,1800 9Th Ave # 130,0,2013-06-03T00:00:00.000,0
342,98119,Caffe Ladro,Jpk Corp,Seattle,501 2Nd Ave W # 200,0,2011-12-14T00:00:00.000,0
343,98109,Caffe Ladro,Jpk Corp,Seattle,400 Fairview Ave N # 101,0,2016-01-18T00:00:00.000,0
344,98122,Espresso Vivace,Espresso Vivace Inc,Seattle,1141 Broadway Ct,0,2005-01-01T00:00:00.000,0
345,98122,Espresso Vivace Inc,Espresso Vivace Inc,Seattle,532 Broadway Ave E,0,1990-04-01T00:00:00.000,0
346,98102,Espresso Vivace Inc,Espresso Vivace Inc,Seattle,321 Broadway E,0,1991-01-01T00:00:00.000,0
347,98109,Espresso Vivace Inc,Espresso Vivace Inc,Seattle,227 Yale Ave N,0,2006-03-15T00:00:00.000,0
348,98109,La Marzocco Experience Llc,La Marzocco Experience Llc,Seattle,472 1St Ave # 100,0,2015-10-13T00:00:00.000,0
349,98102,Analog Coffee,Exploration Team Llc,Seattle,235 Summit Ave E,0,2011-01-29T00:00:00.000,0
350,98101,8Th & Olive  Mr West,Hey Handsome Llc,Seattle,720 Olive Way # 103,0,2015-09-01T00:00:00.000,0
351,98105,Mr West Cafe Bar,Mr West Uvillage Llc,Seattle,2685 Ne Village Ln,0,2019-07-24T00:00:00.000,0
352,98144,Victrola Coffee,Vibe Coffee Group Inc,Seattle,3215 Beacon Ave,0,2018-05-11T00:00:00.000,0
353,98124,Victrola Coffee,Vibe Coffee Group Inc,Seattle,300 Pine St # 5,0,2018-05-24T00:00:00.000,0
354,98122,Victrola Coffee Roasters,Vibe Coffee Group Inc,Seattle,310 E Pike St,0,2007-11-30T00:00:00.000,0
355,98112,Victrola Coffee Roasters,Vibe Coffee Group Inc,Seattle,411 15Th Ave E,0,2008-02-01T00:00:00.000,0
356,98122,Caffe Vita Coffee Roasting Co,Caffe Vita Inc,Seattle,1005 E Pike St,0,2004-01-01T00:00:00.000,0
357,98109,Caffe Vita Coffee Roasting Co,Caffe Vita Inc,Seattle,813 5Th Ave N,0,2004-01-01T00:00:00.000,0
358,98103,Caffe Vita Coffee Roasting Co,Caffe Vita Inc,Seattle,4301 Fremont Ave N,0,2007-07-01T00:00:00.000,0
359,98118,Caffe Vita Coffee Roasting Co,Caffe Vita Inc,Seattle,5028 Wilson Ave S,0,2007-07-01T00:00:00.000,0
360,98104,Caffe Vita Inc,Caffe Vita Inc,Seattle,125 Prefontaine Pl S,0,2011-01-01T00:00:00.000,0
361,98103,Caffe Vita Inc,Caffe Vita Inc,Seattle,7402 Greenwood Ave N,0,2011-02-13T00:00:00.000,0
362,98122,Tougo,Tougo Llc,Seattle,1410 18Th Ave,0,2014-01-01T00:00:00.000,0
363,98101,Tougo,Tougo Llc,Seattle,800 Convention Pl # 403,0,2014-01-01T00:00:00.000,0
364,98101,Seattle Coffee Works,Seattle Coffee Works Inc,Seattle,107 Pike St,0,2006-03-02T00:00:00.000,0
365,98107,Seattle Coffee Works,Seattle Coffee Works Inc,Seattle,1147 Nw 53Rd St,0,2018-01-01T00:00:00.000,0
366,98109,Elm Coffee Roasters,Moonshot Coffee Llc,Seattle,230 9Th Ave N,0,2018-08-31T00:00:00.000,0
367,98104,Elm Coffee,Mullally Coffee Llc,Seattle,240 2Nd Ave S # 103,0,2014-11-01T00:00:00.000,0
368,98107,Caffe Umbria,Caffe Umbria Inc,Seattle,5407 Ballard Ave Nw,0,2014-06-01T00:00:00.000,0
369,98104,Caffe Umbria Inc,Caffe Umbria Inc,Seattle,320 Occidental Ave S,0,2001-10-10T00:00:00.000,0
370,98109,Caffe Umbria Inc,Caffe Umbria Inc,Seattle,1201 Westlake Ave N,0,2005-12-05T00:00:00.000,0
371,98116,Sound & Fog,Sound & Fog Llc,Seattle,4735 40Th Ave Sw,0,2016-06-22T00:00:00.000,0
372,98118,Empire Espresso Llc,Empire Espresso Llc,Seattle,3829 S Edmunds St # A,0,2009-06-01T00:00:00.000,0
373,91345,Starbucks Coffee #5833,Starbucks Corporation,Mission Hills,15501 Devonshire Street,"{'latitude': '34.2573', 'longitude': '-118.4696'}",2001-02-03T00:00:00.000,0
374,91364,Starbucks Coffee #18869,Starbucks Corporation,Woodland Hills,23355 Mulholland Drive,"{'latitude': '34.1576', 'longitude': '-118.6353'}",2013-04-04T00:00:00.000,0
375,90013,Starbucks Coffee #24871,Starbucks Corporation,Los Angeles,401 W 5Th Street,"{'latitude': '34.0488', 'longitude': '-118.2517'}",2015-07-02T00:00:00.000,0
376,90272,Starbucks Coffee #609,Starbucks Corporation,Pacific Palisades,15300 W Sunset Blvd,"{'latitude': '34.0474', 'longitude': '-118.5257'}",1994-10-15T00:00:00.000,0
377,91343,0,Starbucks Corporation,North Hills,9000 Sepulveda Blvd #8637,"{'latitude': '34.2335', 'longitude': '-118.4674'}",2005-06-03T00:00:00.000,0
378,90027,Starbucks Coffee #55650,Starbucks Corporation,Los Angeles,4700 W Sunset Blvd,"{'latitude': '34.0978', 'longitude': '-118.2921'}",2018-09-27T00:00:00.000,0
379,91604,Starbucks Coffee #573,Starbucks Corporation,Studio City,12170 Ventura Blvd,"{'latitude': '34.1433', 'longitude': '-118.3975'}",1994-07-01T00:00:00.000,0
380,90001,Starbucks Coffee #21800,Starbucks Corporation,Los Angeles,5857 S Central Avenue,"{'latitude': '33.9882', 'longitude': '-118.2564'}",2014-03-14T00:00:00.000,0
381,90064,Starbucks Coffee #546,Starbucks Corporation,Los Angeles,10911 W Pico Blvd,"{'latitude': '34.0394', 'longitude': '-118.4298'}",1993-03-27T00:00:00.000,0
382,90004,Starbucks Coffee Co #507,Starbucks Corporation,Los Angeles,206 N Larchmont Blvd,"{'latitude': '34.0747', 'longitude': '-118.3236'}",1992-01-06T00:00:00.000,0
383,90067,Starbucks Coffee 9233,Starbucks Corporation,Los Angeles,1999 Avenue Of The Stars Suite #100A,"{'latitude': '34.0586', 'longitude': '-118.416'}",1991-01-01T00:00:00.000,0
384,90292,Starbucks Coffee 616,Starbucks Corporation,Marina Del Rey,4264 Lincoln Blvd,"{'latitude': '33.9857', 'longitude': '-118.4435'}",1994-10-29T00:00:00.000,0
385,90025,Starbucks Coffee #5213,Starbucks Corporation,Los Angeles,12100 Santa Monica Blvd,"{'latitude': '34.0405', 'longitude': '-118.4633'}",1996-03-26T00:00:00.000,0
386,90046,Starbucks Coffee #624,Starbucks Corporation,Los Angeles,7624 Melrose Avenue,"{'latitude': '34.0836', 'longitude': '-118.3558'}",1995-01-14T00:00:00.000,0
387,91344,Starbucks Coffee #11895,Starbucks Corporation,Granada Hills,11850 Balboa Blvd Unit #B102,"{'latitude': '34.2854', 'longitude': '-118.502'}",2007-04-27T00:00:00.000,0
388,90732,Starbucks Coffee #5694,Starbucks Corporation,San Pedro,2470 S Western Avenue,"{'latitude': '33.7231', 'longitude': '-118.3126'}",1999-07-24T00:00:00.000,0
389,90045,Starbucks Coffee #14211,Starbucks Corporation,Los Angeles,8844 S Sepulveda Blvd,"{'latitude': '33.9565', 'longitude': '-118.3961'}",2008-02-29T00:00:00.000,0
390,90012,Starbucks Coffee #15062,Starbucks Corporation,Los Angeles,800 N Alameda Street,"{'latitude': '34.0561', 'longitude': '-118.2374'}",2011-03-25T00:00:00.000,0
391,90019,Starbucks Coffee #9506,Starbucks Corporation,Los Angeles,4700 W Pico Blvd,"{'latitude': '34.0485', 'longitude': '-118.3382'}",2010-11-01T00:00:00.000,0
392,91423,Starbucks Coffee #5996,Starbucks Corporation,Sherman Oaks,13351 Riverside Drive #A,"{'latitude': '34.1576', 'longitude': '-118.4241'}",2001-09-01T00:00:00.000,0
393,91436,Starbucks Coffee #643,Starbucks Corporation,Encino,16461 Ventura Blvd #A,"{'latitude': '34.1574', 'longitude': '-118.4914'}",1994-11-18T00:00:00.000,0
394,90071,Starbucks Coffee #5289,Starbucks Corporation,Los Angeles,350 S Grand Avenue #B5,"{'latitude': '34.0523', 'longitude': '-118.2517'}",1996-07-08T00:00:00.000,0
395,91324,Starbucks Coffee #20686,Starbucks Corporation,Northridge,9020 Reseda Blvd Unit #A,"{'latitude': '34.234', 'longitude': '-118.536'}",2014-09-30T00:00:00.000,0
396,90045,Starbucks Coffee #5785,Starbucks Corporation,Los Angeles,6081 Center Drive #108,"{'latitude': '33.9781', 'longitude': '-118.393'}",2001-02-07T00:00:00.000,0
397,91343,Starbucks Coffee #6782,Starbucks Corporation,North Hills,16222 Nordhoff Street,"{'latitude': '34.2356', 'longitude': '-118.4855'}",2003-01-01T00:00:00.000,0
398,90015,Starbucks Coffee #13222,Starbucks Corporation,Los Angeles,800 W Olympic Blvd Unit #102,"{'latitude': '34.045', 'longitude': '-118.2639'}",2008-12-03T00:00:00.000,0
399,90731,Starbucks Coffee #11868,Starbucks Corporation,San Pedro,438 S Gaffey Street,"{'latitude': '33.7402', 'longitude': '-118.2923'}",2007-10-10T00:00:00.000,0
400,90028,Starbucks Coffee #5461,Starbucks Corporation,Los Angeles,6102 W Sunset Blvd #6102,"{'latitude': '34.098', 'longitude': '-118.3223'}",1997-11-22T00:00:00.000,0
401,91405,Starbucks Coffee Company # 51180,Starbucks Corporation,Van Nuys,13641   Sherman Way,"{'latitude': '34.2017', 'longitude': '-118.4304'}",2017-11-02T00:00:00.000,0
402,90036,Starbucks Coffee #9998,Starbucks Corporation,Los Angeles,5353 Wilshire Blvd,"{'latitude': '34.0623', 'longitude': '-118.3451'}",2006-04-21T00:00:00.000,0
403,90024,Starbucks Coffee Co #536,Starbucks Corporation,Los Angeles,1161 Westwood Blvd,"{'latitude': '34.0589', 'longitude': '-118.444'}",1993-01-23T00:00:00.000,0
404,91335,Starbucks Coffee #5959,Starbucks Corporation,Tarzana,19313 Victory Blvd #1,"{'latitude': '34.1865', 'longitude': '-118.5539'}",2002-02-02T00:00:00.000,0
405,90010,Starbucks Coffee #22525,Starbucks Corporation,Los Angeles,3150 Wilshire Blvd,"{'latitude': '34.0617', 'longitude': '-118.2905'}",2014-05-05T00:00:00.000,0
406,91607,Starbucks Coffee #20895,Starbucks Corporation,Valley Village,12106 Burbank Blvd,"{'latitude': '34.1721', 'longitude': '-118.3966'}",2015-03-15T00:00:00.000,0
407,91406,Starbucks Coffee #9456,Starbucks Corporation,Van Nuys,17272 Saticoy Street,"{'latitude': '34.2084', 'longitude': '-118.5094'}",2005-08-05T00:00:00.000,0
408,90018,Starbucks Coffee #9505,Starbucks Corporation,Los Angeles,4177 W Washington Blvd,"{'latitude': '34.0398', 'longitude': '-118.3303'}",2010-11-01T00:00:00.000,0
409,91606,Starbucks Coffee#5839,Starbucks Corporation,N Hollywood,12848 Victory Blvd,"{'latitude': '34.1866', 'longitude': '-118.4127'}",2000-09-30T00:00:00.000,0
410,90071,Starbucks Coffee #9227,Starbucks Corporation,Los Angeles,333 S Hope Street,"{'latitude': '34.053', 'longitude': '-118.2528'}",1989-11-29T00:00:00.000,0
411,90066,Starbucks Coffee #22640,Starbucks Corporation,Los Angeles,12404 Venice Blvd,"{'latitude': '34.0035', 'longitude': '-118.4335'}",2014-09-23T00:00:00.000,0
412,90028,Starbucks Coffee #16980,Starbucks Corporation,Los Angeles,6290 Hollywood Blvd,"{'latitude': '34.1016', 'longitude': '-118.3262'}",2012-08-23T00:00:00.000,0
413,90071,Starbucks Coffee #5284,Starbucks Corporation,Los Angeles,505 S Flower Street Suite #B13,"{'latitude': '34.0515', 'longitude': '-118.256'}",1996-07-27T00:00:00.000,0
414,91367,Starbucks Coffee #585,Starbucks Corporation,Woodland Hills,5422 Topanga Canyon Blvd,"{'latitude': '34.1691', 'longitude': '-118.6057'}",1994-05-22T00:00:00.000,0
415,91403,Starbucks Coffee #5552,Starbucks Corporation,Sherman Oaks,15030 Ventura Blvd #1 A,"{'latitude': '34.1528', 'longitude': '-118.4604'}",1998-04-18T00:00:00.000,0
416,90017,Starbucks Coffee #6688,Starbucks Corporation,Los Angeles,1601 Wilshire Blvd,"{'latitude': '34.0554', 'longitude': '-118.2702'}",2010-11-01T00:00:00.000,0
417,90291,Starbucks Coffee Company # 54500,Starbucks Corporation,Venice,909   Ocean Front Walks,"{'latitude': '33.9904', 'longitude': '-118.4764'}",2018-08-16T00:00:00.000,0
418,90014,Starbucks Coffee #17989,Starbucks Corporation,Los Angeles,206 W 6Th Street,"{'latitude': '34.046', 'longitude': '-118.251'}",2012-09-28T00:00:00.000,0
419,91324,Starbucks Coffee 5208,Starbucks Corporation,Northridge,10235 Reseda Blvd,"{'latitude': '34.2563', 'longitude': '-118.536'}",1995-09-02T00:00:00.000,0
420,90017,Starbucks Coffee #10586,Starbucks Corporation,Los Angeles,1090 Wilshire Blvd,"{'latitude': '34.0523', 'longitude': '-118.2632'}",2008-02-29T00:00:00.000,0
421,90017,Starbucks Coffee # 6577,Starbucks Corporation,Los Angeles,735 S Figueroa Street #307,"{'latitude': '34.0488', 'longitude': '-118.2603'}",2002-01-26T00:00:00.000,0
422,90710,Starbucks Coffee #5843,Starbucks Corporation,Harbor City,26650 Western Avenue #C,"{'latitude': '33.7799', 'longitude': '-118.3095'}",2000-09-30T00:00:00.000,0
423,91364,Starbucks Coffee #10895,Starbucks Corporation,Woodland Hills,22435 Ventura Blvd #B,"{'latitude': '34.1684', 'longitude': '-118.6154'}",2006-09-08T00:00:00.000,0
424,90014,Starbucks #11233,Starbucks Corporation,Los Angeles,523 W 6Th Street #R533S,"{'latitude': '34.0482', 'longitude': '-118.2543'}",2007-01-26T00:00:00.000,0
425,91342,Starbucks Coffee # 25059,Starbucks Corporation,Sylmar,13651 Foothill Blvd,"{'latitude': '34.3077', 'longitude': '-118.4307'}",2015-08-20T00:00:00.000,0
426,91607,Starbucks Coffee #6610,Starbucks Corporation,Valley Village,4800 Laurel Canyon Blvd,"{'latitude': '34.1576', 'longitude': '-118.3964'}",2002-03-09T00:00:00.000,0
427,90024,Starbucks Coffee #5494,Starbucks Corporation,Los Angeles,10955 Weyburn Avenue,"{'latitude': '34.0623', 'longitude': '-118.4472'}",1999-07-24T00:00:00.000,0
428,90064,Starbucks Coffee #5394,Starbucks Corporation,Los Angeles,11705 National Blvd,"{'latitude': '34.0226', 'longitude': '-118.4388'}",1997-06-30T00:00:00.000,0
429,90028,Starbucks Coffee #5402,Starbucks Corporation,Los Angeles,7055 W Sunset Blvd,"{'latitude': '34.0979', 'longitude': '-118.343'}",1997-05-10T00:00:00.000,0
430,90010,Starbucks Coffee #5911,Starbucks Corporation,Los Angeles,3680 Wilshire Blvd,"{'latitude': '34.0616', 'longitude': '-118.3059'}",2001-05-05T00:00:00.000,0
431,90042,Starbucks Coffee #19848,Starbucks Corporation,Los Angeles,6240 York Blvd,"{'latitude': '34.115', 'longitude': '-118.1831'}",2014-04-10T00:00:00.000,0
432,91423,Starbucks Coffee #18356,Starbucks Corporation,Sherman Oaks,14006 Riverside Drive #24C,"{'latitude': '34.1576', 'longitude': '-118.4381'}",2013-09-19T00:00:00.000,0
433,91367,Starbucks Coffee #9384,Starbucks Corporation,Woodland Hills,5960 Canoga Avenue,"{'latitude': '34.1783', 'longitude': '-118.5973'}",2006-03-24T00:00:00.000,0
434,90039,Starbucks Coffee #5683,Starbucks Corporation,Los Angeles,2556 Glendale Blvd,"{'latitude': '34.104', 'longitude': '-118.2591'}",1999-02-27T00:00:00.000,0
435,91356,Starbucks Coffee #11779,Starbucks Corporation,Tarzana,19439 Ventura Blvd,"{'latitude': '34.1727', 'longitude': '-118.5564'}",2007-12-14T00:00:00.000,0
436,91605,Starbucks Coffee #13365,Starbucks Corporation,North Hollywood,12520 Sherman Way,"{'latitude': '34.2012', 'longitude': '-118.406'}",2008-10-10T00:00:00.000,0
437,90036,Starbucks Coffee #5277,Starbucks Corporation,Los Angeles,6333 W 3Rd Street #112,"{'latitude': '34.0713', 'longitude': '-118.36'}",1996-06-15T00:00:00.000,0
438,90027,Starbuck Coffee #5794,Starbucks Corporation,Los Angeles,1700 N Vermont Avenue,"{'latitude': '34.1017', 'longitude': '-118.2917'}",2000-12-16T00:00:00.000,0
439,91311,Starbucks Coffee #16710,Starbucks Corporation,Chatsworth,9157 De Soto Avenue,"{'latitude': '34.2372', 'longitude': '-118.5885'}",2012-04-06T00:00:00.000,0
440,90017,Starbucks Coffee #24164,Starbucks Corporation,Los Angeles,700 W 7Th Street,"{'latitude': '34.0479', 'longitude': '-118.2578'}",2017-06-08T00:00:00.000,0
441,90016,Starbucks Coffee #6593,Starbucks Corporation,Los Angeles,3730 Crenshaw Blvd,"{'latitude': '34.0191', 'longitude': '-118.335'}",2010-11-01T00:00:00.000,0
442,91344,Starbucks Coffee #5207,Starbucks Corporation,Granada Hills,16850 Devonshire Street,"{'latitude': '34.2574', 'longitude': '-118.499'}",1995-09-16T00:00:00.000,0
443,91324,Starbucks Coffee #5627,Starbucks Corporation,Northridge,19500 Plummer Street #F4,"{'latitude': '34.2427', 'longitude': '-118.5579'}",1998-11-14T00:00:00.000,0
444,90023,Starbucks Coffee #22477,Starbucks Corporation,Los Angeles,2675 E Olympic Blvd,"{'latitude': '34.0245', 'longitude': '-118.2203'}",2014-06-05T00:00:00.000,0
445,91303,Starbucks Coffee 639,Starbucks Corporation,Canoga Park,6600 Topanga Canyon Blvd #49F,"{'latitude': '34.1898', 'longitude': '-118.6058'}",1995-01-28T00:00:00.000,0
446,90034,Starbucks Coffee #6451,Starbucks Corporation,Los Angeles,9824 National Blvd Suite #A,"{'latitude': '34.031', 'longitude': '-118.4014'}",2002-10-19T00:00:00.000,0
447,90272,Starbucks Coffee #20770,Starbucks Corporation,Pacific Palisades,516 Palisades Drive,"{'latitude': '34.0455', 'longitude': '-118.5519'}",2013-12-13T00:00:00.000,0
448,90710,Starbucks Coffee #20680,Starbucks Corporation,Harbor City,1680 Lomita Blvd,"{'latitude': '33.7978', 'longitude': '-118.3069'}",2013-09-12T00:00:00.000,0
449,90012,Starbucks Coffee #19883,Starbucks Corporation,Los Angeles,639 N Broadway,"{'latitude': '34.0592', 'longitude': '-118.2398'}",2013-09-19T00:00:00.000,0
450,91406,Starbucks Coffee #6961,Starbucks Corporation,Van Nuys,15355 Sherman Way,"{'latitude': '34.2012', 'longitude': '-118.4679'}",2010-11-01T00:00:00.000,0
451,91356,Starbucks Coffee #9074,Starbucks Corporation,Tarzana,18700 Ventura Blvd Unit #120,"{'latitude': '34.1706', 'longitude': '-118.5407'}",2011-08-22T00:00:00.000,0
452,90292,Starbucks Coffee #5275,Starbucks Corporation,Marina Del Rey,100 Washington Blvd,"{'latitude': '33.9797', 'longitude': '-118.4656'}",1996-06-29T00:00:00.000,0
453,90045,Starbucks Coffee #5244,Starbucks Corporation,Los Angeles,8817 S Sepulveda Blvd,"{'latitude': '33.9571', 'longitude': '-118.3962'}",1996-03-09T00:00:00.000,0
454,90028,Starbucks Coffee #6467,Starbucks Corporation,Hollywood,6801 Hollywood Blvd #D2256,"{'latitude': '34.1015', 'longitude': '-118.3401'}",2001-11-08T00:00:00.000,0
455,91406,Starbucks Coffee #19305,Starbucks Corporation,Van Nuys,16926 Roscoe Blvd,"{'latitude': '34.2212', 'longitude': '-118.5014'}",2013-05-16T00:00:00.000,0
456,90068,Starbucks Corporation #11991,Starbucks Corporation,Los Angeles,3242 Cahuenga Blvd E,"{'latitude': '34.1285', 'longitude': '-118.3462'}",2007-12-14T00:00:00.000,0
457,90012,Starbucks Coffee #9230,Starbucks Corporation,Los Angeles,217 N Hill Street,"{'latitude': '34.0556', 'longitude': '-118.2454'}",1991-11-11T00:00:00.000,0
458,91364,Starbucks Coffee #5487,Starbucks Corporation,Woodland Hills,20054 Ventura Blvd,"{'latitude': '34.1712', 'longitude': '-118.5702'}",1997-12-06T00:00:00.000,0
459,91364,Starbucks Coffee #21086,Starbucks Corporation,Woodland Hills,20903 Ventura Blvd,"{'latitude': '34.1664', 'longitude': '-118.5883'}",2014-03-05T00:00:00.000,0
460,91311,Starbucks Coffee #49449,Starbucks Corporation,Chatsworth,9857   Mason Avenue,"{'latitude': '34.2492', 'longitude': '-118.5799'}",2019-04-25T00:00:00.000,0
461,90049,Starbucks Coffee #659,Starbucks Corporation,Los Angeles,11700 Barrington Court,"{'latitude': '34.0646', 'longitude': '-118.4694'}",1995-07-29T00:00:00.000,0
462,90039,Starbucks Coffee #5793,Starbucks Corporation,Los Angeles,2919 Los Feliz Blvd #6,"{'latitude': '34.1259', 'longitude': '-118.2639'}",2003-01-04T00:00:00.000,0
463,90071,Starbucks Coffee #5291,Starbucks Corporation,Los Angeles,444 S Flower Street #170,"{'latitude': '34.0522', 'longitude': '-118.2554'}",1996-07-15T00:00:00.000,0
464,90033,Starbucks Coffee #51056,Starbucks Corporation,Los Angeles,1106   Cornwell Street,"{'latitude': '34.0557', 'longitude': '-118.2046'}",2017-08-31T00:00:00.000,0
465,90065,Starbucks Coffee Company # 55230,Starbucks Corporation,Los Angeles,3241 N Figueroa Street,"{'latitude': '34.0865', 'longitude': '-118.2195'}",2018-08-23T00:00:00.000,0
466,91604,Starbucks Coffee #5734,Starbucks Corporation,Studio City,10965 Ventura Blvd,"{'latitude': '34.1401', 'longitude': '-118.3694'}",2000-02-05T00:00:00.000,0
467,91344,Starbucks Coffee #5643,Starbucks Corporation,Granada Hills,17901 Chatsworth Street,"{'latitude': '34.2649', 'longitude': '-118.5234'}",1999-02-06T00:00:00.000,0
468,91040,Starbucks Coffee #6915,Starbucks Corporation,Sunland,8349 Foothill Blvd,"{'latitude': '34.2596', 'longitude': '-118.3149'}",2003-06-27T00:00:00.000,0
469,90047,Starbucks Coffee #5995,Starbucks Corporation,Los Angeles,1850 W Slauson Avenue,"{'latitude': '33.9891', 'longitude': '-118.3117'}",2010-11-01T00:00:00.000,0
470,91364,Starbucks Coffee # 11603,Starbucks Corporation,Woodland Hills,4900 Topanga Canyon Blvd,"{'latitude': '34.1569', 'longitude': '-118.6058'}",2008-09-26T00:00:00.000,0
471,91324,Starbucks Coffee #6459,Starbucks Corporation,Northridge,9420 Reseda Blvd #1,"{'latitude': '34.2413', 'longitude': '-118.536'}",2001-09-15T00:00:00.000,0
472,90015,Starbucks Coffee 6608,Starbucks Corporation,Los Angeles,300 E 9Th Street,"{'latitude': '34.04', 'longitude': '-118.2532'}",2002-04-13T00:00:00.000,0
473,90071,Starbucks Coffee #5256,Starbucks Corporation,Los Angeles,445 S Figueroa Street #205,"{'latitude': '34.0529', 'longitude': '-118.2564'}",1996-04-20T00:00:00.000,0
474,90027,Starbucks Coffee #5877,Starbucks Corporation,Los Angeles,5453 Hollywood Blvd #D,"{'latitude': '34.1017', 'longitude': '-118.3083'}",2002-06-26T00:00:00.000,0
475,90028,Starbucks Coffee #15177,Starbucks Corporation,Los Angeles,6933 Hollywood Blvd Unit #A,"{'latitude': '34.1015', 'longitude': '-118.3414'}",2011-03-11T00:00:00.000,0
476,90068,Starbucks Coffee #5620,Starbucks Corporation,Los Angeles,1900 N Highland Avenue,"{'latitude': '34.1051', 'longitude': '-118.3374'}",1999-04-17T00:00:00.000,0
477,90036,Starbucks Coffee #5577,Starbucks Corporation,Los Angeles,6066 W Olympic Blvd,"{'latitude': '34.0581', 'longitude': '-118.3634'}",1998-07-18T00:00:00.000,0
478,91602,Starbucks Coffee #9596,Starbucks Corporation,North Hollywood,11339 Camarillo Street,"{'latitude': '34.1576', 'longitude': '-118.3779'}",2007-03-16T00:00:00.000,0
479,91401,Starbucks Coffee #6630,Starbucks Corporation,Van Nuys,14431 Burbank Blvd,"{'latitude': '34.1721', 'longitude': '-118.4474'}",2010-11-01T00:00:00.000,0
480,91307,Starbucks Coffee #563,Starbucks Corporation,West Hills,6516 Platt Avenue,"{'latitude': '34.1884', 'longitude': '-118.6427'}",1993-10-23T00:00:00.000,0
481,90012,Starbucks Coffee 6557,Starbucks Corporation,Los Angeles,401 E 2Nd Street #E,"{'latitude': '34.0477', 'longitude': '-118.2393'}",2001-11-08T00:00:00.000,0
482,90010,Starbucks Coffee #17848,Starbucks Corporation,Los Angeles,3450 Wilshire Blvd,"{'latitude': '34.0617', 'longitude': '-118.2989'}",2012-09-28T00:00:00.000,0
483,90028,Starbuck'S Coffee #5775,Starbucks Corporation,Hollywood,6743 Hollywood Blvd,"{'latitude': '34.1015', 'longitude': '-118.3374'}",2000-09-02T00:00:00.000,0
484,91335,Starbucks Coffee #6745,Starbucks Corporation,Reseda,6840 Reseda Blvd,"{'latitude': '34.1945', 'longitude': '-118.536'}",2002-10-19T00:00:00.000,0
485,90064,Starbucks Coffee #5565,Starbucks Corporation,Los Angeles,2215 Westwood Blvd,"{'latitude': '34.0435', 'longitude': '-118.4314'}",1998-06-27T00:00:00.000,0
486,90013,Starbucks Coffee #9234,Starbucks Corporation,Los Angeles,555 W 5Th Street,"{'latitude': '34.0498', 'longitude': '-118.2533'}",1995-02-21T00:00:00.000,0
487,90077,Starbucks Coffee #5549,Starbucks Coffee Company # 5549,Los Angeles,2950 N Beverly Glen Circle,"{'latitude': '34.1275', 'longitude': '-118.4445'}",1998-05-02T00:00:00.000,0
488,91311,Starbucks 5318,Starbucks Corporation,Chatsworth,9935 Topanga Canyon Blvd,"{'latitude': '34.2505', 'longitude': '-118.6061'}",1996-11-16T00:00:00.000,0
489,91316,Starbucks Coffee Co #544,Starbucks Corporation,Encino,17308 Ventura Blvd,"{'latitude': '34.1608', 'longitude': '-118.51'}",1993-04-13T00:00:00.000,0
490,90501,Starbucks Coffee #5651,Starbucks Corporation,Torrance,1400 W 190Th Street #F,"{'latitude': '33.8583', 'longitude': '-118.3021'}",1999-07-17T00:00:00.000,0
491,91324,Starbucks Corporation #17853,Starbucks Corporation,Northridge,9301 Tampa Avenue,"{'latitude': '34.2391', 'longitude': '-118.5535'}",2012-09-28T00:00:00.000,0
492,90046,Starbucks Coffee #14629,Starbucks Corporation,Los Angeles,8000 W Sunset Blvd Unit #B-110,"{'latitude': '34.098', 'longitude': '-118.3644'}",2008-12-05T00:00:00.000,0
493,90041,Starbucks Coffee 8617,Starbucks Corporation,Los Angeles,2216 Colorado Blvd,"{'latitude': '34.1392', 'longitude': '-118.2147'}",2004-10-26T00:00:00.000,0
494,90028,Starbucks Coffee #5379,Starbucks Corp,Los Angeles,5545 W Sunset Blvd #106,"{'latitude': '34.098', 'longitude': '-118.311'}",1998-03-07T00:00:00.000,0
495,91403,Starbucks Coffee #5815,Starbucks Corporation,Sherman Oaks,15301 Ventura Blvd,"{'latitude': '34.1537', 'longitude': '-118.4656'}",2000-01-27T00:00:00.000,0
496,90016,Starbucks Coffee #14412,Starbucks Corporation,Los Angeles,3344 S La Cienega Blvd,"{'latitude': '34.0271', 'longitude': '-118.372'}",2008-10-07T00:00:00.000,0
497,90732,Starbucks Coffee 6431,Starbucks Corporation,San Pedro,28190 S Western Avenue,"{'latitude': '33.7637', 'longitude': '-118.3113'}",2002-01-12T00:00:00.000,0
498,90035,Starbucks Coffee #5626,Starbucks Corporation,Los Angeles,8783 W Pico Blvd,"{'latitude': '34.0546', 'longitude': '-118.3833'}",1999-02-27T00:00:00.000,0
499,90067,Starbucks Coffee #9232,Starbucks Corporation,Los Angeles,1875 Century Parks  E,"{'latitude': '34.0609', 'longitude': '-118.4141'}",1994-02-01T00:00:00.000,0
500,90007,Starbucks Coffee #17413,Starbucks Corporation,Los Angeles,3584 S Figueroa Street Unit #3,"{'latitude': '34.0191', 'longitude': '-118.2817'}",2012-08-09T00:00:00.000,0
501,90015,Starbucks Coffee #13397,Starbucks Corporation,Los Angeles,1149 S Hill Street    #H120,"{'latitude': '34.0391', 'longitude': '-118.2607'}",2007-06-01T00:00:00.000,0
502,91367,Starbucks Coffee # 5485,Starbucks Corporation,Woodland Hills,21504 Victory Blvd,"{'latitude': '34.188', 'longitude': '-118.5997'}",1997-11-15T00:00:00.000,0
503,90038,Starbucks Coffee #22601,Starbucks Corporation,Los Angeles,859 N Highland Avenue,"{'latitude': '34.0863', 'longitude': '-118.3385'}",2015-03-26T00:00:00.000,0
504,91402,Starbucks Coffee #9683,Starbucks Corporation,Van Nuys,7902 Van Nuys Blvd Unit #B-2,"{'latitude': '34.2146', 'longitude': '-118.4487'}",2010-11-01T00:00:00.000,0
505,90045,Starbucks Coffee Company # 25813,Starbucks Corporation,Los Angeles,8400 Lincoln Blvd,"{'latitude': '33.9612', 'longitude': '-118.4204'}",2015-09-15T00:00:00.000,0
506,91405,Starbucks Coffee #23369,Starbucks Corporation,Van Nuys,6833 Van Nuys Blvd,"{'latitude': '34.1947', 'longitude': '-118.4488'}",2014-09-23T00:00:00.000,0
507,90012,Starbucks Coffee #9973,Starbucks Corporation,Los Angeles,120 S Los Angeles Street Suite #110,"{'latitude': '34.0512', 'longitude': '-118.2425'}",2005-09-30T00:00:00.000,0
508,90039,Starbucks Coffee Co #10940,Starbucks Corporation,Los Angeles,3111 Glendale Blvd Suite #A,"{'latitude': '34.1163', 'longitude': '-118.2627'}",2007-05-07T00:00:00.000,0
509,90036,Starbucks Coffee #12900,Starbucks Corporation,Los Angeles,5757 Wilshire Blvd Unit #106,"{'latitude': '34.0625', 'longitude': '-118.3545'}",2010-12-10T00:00:00.000,0
510,91307,Starbucks Coffee Company #20895,Starbucks Corporation,Canoga Park,22815 Victory Blvd #A,"{'latitude': '34.1864', 'longitude': '-118.6236'}",2000-04-08T00:00:00.000,0
511,90049,Starbucks Coffee #508,Starbucks Corporation,Los Angeles,11707 San Vicente Blvd,"{'latitude': '34.0536', 'longitude': '-118.4661'}",1993-08-14T00:00:00.000,0
512,90014,Starbucks Coffee #55102,Starbucks Corporation,Los Angeles,801 S Olive Street,"{'latitude': '34.0451', 'longitude': '-118.2574'}",2018-09-06T00:00:00.000,0
513,91303,Starbucks Coffee #6473,Starbucks Corporation,Canoga Park,7258 Canoga Avenue,"{'latitude': '34.202', 'longitude': '-118.5977'}",2006-06-30T00:00:00.000,0
514,91352,Starbucks Coffee Company # 27293,Starbucks Corporation,Sun Valley,8274   Sunland Blvd,"{'latitude': '34.221', 'longitude': '-118.3671'}",2017-08-24T00:00:00.000,0
515,90064,Starbucks Coffee #5337,Starbucks Corporation,Los Angeles,11280 W Olympic Blvd,"{'latitude': '34.0384', 'longitude': '-118.4407'}",1997-04-17T00:00:00.000,0
516,90049,Starbucks Coffee #659,Starbucks Corp,Los Angeles,11700 San Vicente Blvd,"{'latitude': '34.0535', 'longitude': '-118.4655'}",0,0
517,90034,Starbucks Coffee #5250,Starbucks Corporation,Los Angeles,8985 Venice Blvd #Cb 2,"{'latitude': '34.0282', 'longitude': '-118.3904'}",1997-06-19T00:00:00.000,0
518,90018,Starbucks Coffee Company # 49792,Starbucks Corporation,Los Angeles,1789 W Jefferson Blvd,"{'latitude': '34.0258', 'longitude': '-118.3085'}",2017-07-20T00:00:00.000,0
519,90034,Starbucks Coffee #26527,Starbucks Corporation,Los Angeles,3006 S Sepulveda Blvd,"{'latitude': '34.0272', 'longitude': '-118.4285'}",2015-09-24T00:00:00.000,0
520,91403,Starbucks Coffee #548,Starbucks Corporation,Sherman Oaks,14622 Ventura Blvd #116,"{'latitude': '34.1514', 'longitude': '-118.4519'}",1993-06-05T00:00:00.000,0
521,91311,Starbucks Coffee #5341,Starbucks Corporation,Chatsworth,20516 Devonshire Street # B,"{'latitude': '34.2572', 'longitude': '-118.5805'}",1997-04-02T00:00:00.000,0
522,90036,Starbucks Coffee #5373,Starbucks Corporation,Los Angeles,7122 Beverly Blvd,"{'latitude': '34.0761', 'longitude': '-118.3447'}",1997-04-17T00:00:00.000,0
523,90012,0,Starbucks,Los Angeles,515 N Grand Avenue #528,"{'latitude': '34.0604', 'longitude': '-118.244'}",0,0
524,90036,Starbucks Coffee #5488,Starbucks Corporation,Los Angeles,5020 Wilshire Blvd,"{'latitude': '34.0621', 'longitude': '-118.3393'}",1998-01-30T00:00:00.000,0
525,90064,Starbucks Coffee Co,Starbucks Coffee Company #5394,Los Angeles,11705 National Blvd,"{'latitude': '34.0226', 'longitude': '-118.4388'}",0,0
526,91423,Starbucks Coffee #5777,Starbucks Corporation,Van Nuys,13535 Ventura Blvd,"{'latitude': '34.1475', 'longitude': '-118.4283'}",2000-04-01T00:00:00.000,0
527,90025,Starbucks Coffee #5567,Starbucks Corporation,Los Angeles,1898 Westwood Blvd,"{'latitude': '34.0481', 'longitude': '-118.4354'}",1998-05-08T00:00:00.000,0
528,91316,Starbucks Coffee Company # 50834,Starbucks Corporation,Encino,18025   Ventura Blvd,"{'latitude': '34.1651', 'longitude': '-118.5253'}",2019-02-21T00:00:00.000,0
529,90019,Starbucks Coffee #5698,Starbucks Corporation,Los Angeles,1250 S La Brea Avenue,"{'latitude': '34.0515', 'longitude': '-118.3439'}",2010-11-01T00:00:00.000,0
530,90028,0,Starbucks,Los Angeles,6801   Hollywood Blvd   #257,"{'latitude': '34.1026', 'longitude': '-118.3395'}",2018-01-01T00:00:00.000,0
531,91324,Starbucks Coffee Company # 29497,Starbucks Corporation,Northridge,19301   Nordhoff Street,"{'latitude': '34.2358', 'longitude': '-118.554'}",2018-12-07T00:00:00.000,0
532,91604,Starbucks Coffee #5447,Starbucks Corporation,N Hollywood,12824 Ventura Blvd,"{'latitude': '34.1448', 'longitude': '-118.4121'}",1997-09-11T00:00:00.000,0
533,90027,Starbucks Coffee Company # 27874,Starbucks Corporation,Los Angeles,2138   Hillhurst Avenue,"{'latitude': '34.1111', 'longitude': '-118.2871'}",2017-08-17T00:00:00.000,0
534,90230,Starbucks Coffee #8608,Starbucks Corporation,Los Angeles,12313 Jefferson Blvd,"{'latitude': '33.9815', 'longitude': '-118.4086'}",2007-09-01T00:00:00.000,0
535,90038,Starbucks Coffee Company # 52258,Starbucks Corporation,Los Angeles,6260   Santa Monica Blvd,"{'latitude': '34.0906', 'longitude': '-118.3258'}",2019-03-01T00:00:00.000,0
536,90007,Starbucks Coffee Company # 52257,Starbucks Corporation,Los Angeles,3026 S Figueroa Street,"{'latitude': '34.0242', 'longitude': '-118.2781'}",2018-07-12T00:00:00.000,0
537,90007,Starbucks Coffee Company # 24005,Starbucks Corporation,Los Angeles,2735 S Figueroa Street,"{'latitude': '34.0269', 'longitude': '-118.2768'}",2015-03-12T00:00:00.000,0
538,90066,Starbucks Coffee #57520,Starbucks Corporation,Los Angeles,3061   Sawtelle Blvd,"{'latitude': '34.0257', 'longitude': '-118.4314'}",2019-05-16T00:00:00.000,0
539,90012,Starbucks #27702,Starbucks Corporation,Los Angeles,232 E 2Nd Street,"{'latitude': '34.0593', 'longitude': '-118.242'}",2016-06-03T00:00:00.000,0
540,90015,Starbucks Coffee Company # 17331,Starbucks Corporation,Los Angeles,600 W 9Th Street,"{'latitude': '34.0451', 'longitude': '-118.2603'}",2012-06-15T00:00:00.000,0
541,90731,Starbucks Coffee #28906,Starbucks Corporation,San Pedro,682 W 9Th Street,"{'latitude': '33.7363', 'longitude': '-118.2919'}",2017-05-25T00:00:00.000,0
542,90066,Starbucks Coffee #22881,Starbucks Corporation,Los Angeles,12746 W Jefferson Blvd,"{'latitude': '33.9775', 'longitude': '-118.4174'}",2014-11-20T00:00:00.000,0
543,90089,Starbucks Coffee Company # 25043,Starbucks Corporation,Los Angeles,3201 S Hoover Street   #1820,"{'latitude': '34.0204', 'longitude': '-118.2861'}",2017-08-10T00:00:00.000,0
544,90021,Starbucks Coffee #26338,Starbucks Corporation,Los Angeles,1401 S Alameda Street,"{'latitude': '34.0253', 'longitude': '-118.2395'}",2016-05-14T00:00:00.000,0
545,91345,Starbucks Coffee Company # 29863,Starbucks Corporation,Mission Hills,11109   Sepulveda Blvd,"{'latitude': '34.2724', 'longitude': '-118.468'}",2017-04-12T00:00:00.000,0
546,90057,Starbucks # 29377,Starbucks Corporation,Los Angeles,534 S Occidental Blvd,"{'latitude': '34.0638', 'longitude': '-118.2842'}",2016-06-03T00:00:00.000,0
547,90035,Starbucks Coffee Company # 28051,Starbucks Corporation,Los Angeles,1742 S La Cienega Blvd,"{'latitude': '34.046', 'longitude': '-118.3761'}",2016-06-03T00:00:00.000,0
548,91403,Starbucks Coffee #27261,Starbucks Corporation,Sherman Oaks,4550   Van Nuys Blvd   #K,"{'latitude': '34.1547', 'longitude': '-118.448'}",2017-01-18T00:00:00.000,0
549,90015,Starbucks Coffee #48339,Starbucks Corporation,Los Angeles,1249 S Grand Avenue,"{'latitude': '0.0', 'longitude': '0.0'}",2017-03-01T00:00:00.000,0
550,91601,Starbucks Coffee # 22417,Starbucks Corporation,North Hollywood,4853   Lankershim Blvd,"{'latitude': '34.1589', 'longitude': '-118.3715'}",2016-04-14T00:00:00.000,0
551,91606,Starbucks Coffee Company # 26769,Starbucks Corporation,North Hollywood,6060   Lankershim Blvd,"{'latitude': '34.1814', 'longitude': '-118.3839'}",2017-05-25T00:00:00.000,0
552,90029,Starbucks Coffee Company # 24933,Starbucks Corporation,Los Angeles,1277 N Western Avenue,"{'latitude': '34.0946', 'longitude': '-118.3095'}",2017-01-12T00:00:00.000,0
553,90027,Starbucks Coffee #24851,Starbucks Corporation,Los Angeles,2720   Griffith Park Blvd,"{'latitude': '34.1074', 'longitude': '-118.2727'}",2016-09-30T00:00:00.000,0
554,90017,Starbucks Coffee Company # 49792,Starbucks Corporation,Los Angeles,1102 W 6Th Street,"{'latitude': '34.0538', 'longitude': '-118.2628'}",2017-07-20T00:00:00.000,0
555,91306,Starbucks Coffee #49978,Starbucks Corporation,Winnetka,20056   Sherman Way,"{'latitude': '34.2007', 'longitude': '-118.5705'}",2017-06-29T00:00:00.000,0
556,90501,Starbucks Coffee Company # 26770,Starbucks Corporation,Los Angeles,21776 S Western Avenue,"{'latitude': '0.0', 'longitude': '0.0'}",2017-01-12T00:00:00.000,0
557,90015,Starbucks Coffee #47433,Starbucks Corporation,Los Angeles,400 W Olympic Blvd,"{'latitude': '34.0422', 'longitude': '-118.2596'}",2017-03-12T00:00:00.000,0
558,90026,Starbucks Coffee #53657,Starbucks Corporation,Los Angeles,2110 W Sunset Blvd,"{'latitude': '34.0772', 'longitude': '-118.2641'}",2017-10-12T00:00:00.000,0
559,90232,Starbucks Coffee #50325,Starbucks Corporation,Culver City,10601   Washington Blvd,"{'latitude': '34.0174', 'longitude': '-118.4052'}",2018-09-13T00:00:00.000,0
560,90067,Starbuck Coffee #9228,Starbucks Corporation,Los Angeles,2049 Century Parks  E Unit #Rol16,"{'latitude': '34.0591', 'longitude': '-118.4126', 'human_address': '{""address"": """", ""city"": """", ""state"": """", ""zip"": """"}'}",1991-01-01T00:00:00.000,0
561,90024,Starbucks Coffee # 11603,Starbucks Corporation,Los Angeles,1500   Westwood Blvd,"{'latitude': '34.054', 'longitude': '-118.4402', 'human_address': '{""address"": """", ""city"": """", ""state"": """", ""zip"": """"}'}",2019-09-26T00:00:00.000,0
562,90004,Starbucks Coffee #58623,Starbucks Corporation,Los Angeles,181 S Vermont Avenue,"{'latitude': '34.0706', 'longitude': '-118.2921', 'human_address': '{""address"": """", ""city"": """", ""state"": """", ""zip"": """"}'}",2019-09-19T00:00:00.000,0
563,90028,Starbucks #24163,Starbucks Corporation,Los Angeles,5929 W Sunset Blvd,"{'latitude': '34.0984', 'longitude': '-118.319', 'human_address': '{""address"": """", ""city"": """", ""state"": """", ""zip"": """"}'}",2019-09-27T00:00:00.000,0
564,90041,Starbucks Coffee #13286,Starbucks Corporation,Los Angeles,4430 York Blvd,"{'latitude': '34.1239', 'longitude': '-118.2198'}",2008-08-01T00:00:00.000,0
565,90020,Starbucks Coffee Company # 54501,Starbucks Corporation,Los Angeles,3465 W 6Th Street   Unit #30/40,"{'latitude': '34.064', 'longitude': '-118.2973'}",2018-08-30T00:00:00.000,0
566,90048,Starbucks Coffee #59684,Starbucks Corporation,Los Angeles,8500   Beverly Blvd   #701,"{'latitude': '34.076', 'longitude': '-118.3766', 'human_address': '{""address"": """", ""city"": """", ""state"": """", ""zip"": """"}'}",2019-11-14T00:00:00.000,0
567,90710,Starbucks Coffee #28816,Starbucks Corporation,Harbor City,1630   Sepulveda Blvd,"{'latitude': '33.8164', 'longitude': '-118.3081', 'human_address': '{""address"": """", ""city"": """", ""state"": """", ""zip"": """"}'}",2019-09-26T00:00:00.000,0
568,90028,Starbucks Coffee #24163,Starbucks Corporation,Los Angeles,5929 W Sunset Blvd,"{'latitude': '34.0984', 'longitude': '-118.319', 'human_address': '{""address"": """", ""city"": """", ""state"": """", ""zip"": """"}'}",2019-09-27T00:00:00.000,0
569,90027,Starbucks #55650,Starbucks Corporation,Los Angeles,4700 W Sunset Blvd,"{'latitude': '34.0978', 'longitude': '-118.2921', 'human_address': '{""address"": """", ""city"": """", ""state"": """", ""zip"": """"}'}",2019-09-27T00:00:00.000,0
570,90015,Starbucks Coffee Company # 10939,Starbucks Corporation,Los Angeles,1111 S Grand Avenue,"{'latitude': '34.0414', 'longitude': '-118.2621'}",2006-08-18T00:00:00.000,0
571,91325,Starbucks Coffee #48677,Starbucks Corporation,Northridge,9900   Balboa Blvd,"{'latitude': '34.2506', 'longitude': '-118.502', 'human_address': '{""address"": """", ""city"": """", ""state"": """", ""zip"": """"}'}",2019-12-20T00:00:00.000,0
572,91303,0,Starbucks Corporation,Canoga Park,7050   Topanga Canyon Blvd,"{'latitude': '34.1986', 'longitude': '-118.6055'}",2017-05-11T00:00:00.000,0
573,90501,Starbucks Coffee #5738,Starbucks Corporation,0,11155 Santa Monica Blvd,"{'latitude': '0.0', 'longitude': '0.0'}",2000-04-22T00:00:00.000,0
574,91402,Starbucks Coffee #56002,Starbucks Corporation,Panorama City,14640   Roscoe Blvd,"{'latitude': '34.221', 'longitude': '-118.4511'}",2019-06-27T00:00:00.000,0
575,90057,Starbucks Coffee Company # 50498,Starbucks Corporation,Los Angeles,230 S Alvarado Street,"{'latitude': '34.0631', 'longitude': '-118.2722'}",2018-11-15T00:00:00.000,0
576,91601,Starbucks Coffee #5642,Starbucks Corporation,N Hollywood,5166 Lankershim Blvd,"{'latitude': '34.1643', 'longitude': '-118.3743'}",1998-10-24T00:00:00.000,0
577,91604,Alfred Coffee Studio City,Ventura Place Coffee Company,Studio City,12077   Ventura Place,"{'latitude': '34.145', 'longitude': '-118.395'}",2016-09-12T00:00:00.000,0
578,90049,Alfred Coffee Brentwood,San Vicente Coffee Company,Los Angeles,11908 San Vicente Blvd,"{'latitude': '34.0525', 'longitude': '-118.4702'}",2015-02-24T00:00:00.000,0
579,90010,Alfred Coffee Koreatown,Wilshire Blvd Coffee Company,Los Angeles,3515   Wilshire Blvd,"{'latitude': '34.0621', 'longitude': '-118.301'}",2018-08-01T00:00:00.000,0
580,90026,Alfred Coffee Silverake,Silverlake Coffee Company,Los Angeles,3337 W Sunset Blvd Unit #1/2,"{'latitude': '34.087', 'longitude': '-118.2755'}",2015-08-01T00:00:00.000,0
581,90069,Alfred Coffee & Kitchen,Melrose Place Coffee Company,Los Angeles,8428 Melrose Place Unit #A,"{'latitude': '34.0836', 'longitude': '-118.3742'}",2013-01-23T00:00:00.000,0
582,90027,Blue Bottle Coffee,Blue Bottle Coffee Inc,Los Angeles,2066   Hillhurst Avenue,"{'latitude': '34.1095', 'longitude': '-118.2871'}",2016-12-01T00:00:00.000,0
583,90067,Blue Bottle Coffee,Blue Bottle Coffee Inc,Century City,10250   Santa Monica Blvd   #1765,"{'latitude': '34.06', 'longitude': '-118.4198'}",2018-06-06T00:00:00.000,0
584,90049,Blue Bottle Coffee,Blue Bottle Coffee Inc,Los Angeles,13050   San Vicente Blvd   Suite #108,"{'latitude': '34.0482', 'longitude': '-118.4911'}",2017-03-23T00:00:00.000,0
585,90013,Blue Bottle Coffee,Blue Bottle Coffee Inc,Los Angeles,300 S Broadway     #30012,"{'latitude': '34.0506', 'longitude': '-118.2479'}",2016-12-01T00:00:00.000,0
586,90046,Blue Bottle Coffee,Blue Bottle Coffee Inc,Los Angeles,830 N Fairfax Avenue   Building #A,"{'latitude': '34.0863', 'longitude': '-118.3611'}",2017-03-23T00:00:00.000,0
587,91364,Blue Bottle Coffee,Blue Bottle Coffee Inc,Woodland Hills,20929   Ventura Blvd,"{'latitude': '34.1672', 'longitude': '-118.5894'}",2019-03-03T00:00:00.000,0
588,90048,Blue Bottle Coffee,Blue Bottle Coffee Inc,Los Angeles,8301 Beverly Blvd,"{'latitude': '34.076', 'longitude': '-118.37'}",2014-12-01T00:00:00.000,0
589,90094,Blue Bottle Coffee,Blue Bottle Coffee Inc,Los Angeles,12015   Waterfront Drive   Suite #A,"{'latitude': '33.983', 'longitude': '-118.4047'}",2017-03-23T00:00:00.000,0
590,90048,Blue Bottle Coffee,Blue Bottle Coffee Inc,Los Angeles,116 N Robertson Blvd   Plaza #B,"{'latitude': '34.076', 'longitude': '-118.3832'}",2017-03-23T00:00:00.000,0
591,90013,Blue Bottle Coffee,Blue Bottle Coffee Inc,Los Angeles,582   Mateo Street,"{'latitude': '34.0389', 'longitude': '-118.2325'}",2016-06-29T00:00:00.000,0
592,90291,Blue Bottle Coffee,Blue Bottle Coffee Inc,Venice,1103 Abbot Kinney Blvd Unit #1,"{'latitude': '33.9918', 'longitude': '-118.4706'}",2014-04-15T00:00:00.000,0
593,91303,Peets Coffee Topanga Mall,Consol Topanga 1058G Llc,Canoga Park,6600 Topanga Canyon Blvd #1058G,"{'latitude': '34.1898', 'longitude': '-118.6058'}",2015-11-23T00:00:00.000,0
594,91367,Peets Coffee Topanga Village,Mcs Consolidated Group Inc,Woodland Hills,6250 Topanga Canyon Blvd Suite #1593,"{'latitude': '34.1838', 'longitude': '-118.6058'}",2015-10-06T00:00:00.000,0
595,90034,Coffee Commissary,"Commissary, Llc",Los Angeles,3425 Motor Avenue Building #101,"{'latitude': '34.0273', 'longitude': '-118.4092'}",2015-02-01T00:00:00.000,0
596,90014,Cognoscenti Coffee,"Cogdtla, Llc",Los Angeles,888 S Olive Street Unit #2,"{'latitude': '34.0439', 'longitude': '-118.258'}",2015-05-14T00:00:00.000,0
597,90015,Cognoscenti Coffee,"Cogdtla, Llc",Los Angeles,1118   San Julian Street,"{'latitude': '0.0', 'longitude': '0.0'}",2016-09-25T00:00:00.000,0
598,90012,Endorffeine,Endorffeine Llc,Los Angeles,727 N Broadway Suite #127,"{'latitude': '34.0608', 'longitude': '-118.239'}",2015-08-01T00:00:00.000,0
599,90042,"G&B Coffee, Llc","G&B Coffee, Llc",Los Angeles,5619 N Figueroa Street,"{'latitude': '34.1093', 'longitude': '-118.1938'}",2017-05-17T00:00:00.000,0
600,90042,Go Get Em Tiger,"Gget Highland Park, Llc",Los Angeles,5916 N Figueroa Street,"{'latitude': '34.1105', 'longitude': '-118.1902'}",2018-07-01T00:00:00.000,0
601,90004,Go Get Em Tiger,Gget Larchmont Llc,Los Angeles,230 N Larchmont Blvd,"{'latitude': '34.075', 'longitude': '-118.3236'}",2013-06-20T00:00:00.000,0
602,90027,Go Get Em Tiger,Gget Los Feliz Llc,Los Angeles,4630   Hollywood Blvd,"{'latitude': '34.0999', 'longitude': '-118.2903'}",2016-05-30T00:00:00.000,0
603,90021,Go Get Em Tiger,Gget Dtla Llc,Los Angeles,767 S Alameda Street   Suite #184,"{'latitude': '34.0307', 'longitude': '-118.242'}",2018-09-01T00:00:00.000,0
604,90021,Paramount Coffee Project,Paramount Coffee Project Usa Inc,Los Angeles,1320 E 7Th Street   Suite #100,"{'latitude': '34.0307', 'longitude': '-118.242'}",2018-05-02T00:00:00.000,0
605,90028,Rubies And Diamonds,"Elieme, Llc",Los Angeles,6115 W Sunset Blvd   #150,"{'latitude': '34.1006', 'longitude': '-118.3276'}",2015-06-01T00:00:00.000,0
606,90048,Verve Coffee Roasters,Ryan Odonovan / Colby Barr,Los Angeles,8051 W 3Rd Street,"{'latitude': '34.0721', 'longitude': '-118.3648'}",2015-10-02T00:00:00.000,0
607,90013,Verve Coffee Roasters,Vcr Cafes Llc,Los Angeles,500   Mateo Street   Suite #102,"{'latitude': '34.0415', 'longitude': '-118.2326', 'human_address': '{""address"": """", ""city"": """", ""state"": """", ""zip"": """"}'}",2019-07-16T00:00:00.000,0
608,90041,Found Coffee,"Found Coffee, Inc.",Los Angeles,1355 Colorado Blvd,"{'latitude': '34.1395', 'longitude': '-118.1945'}",2015-01-21T00:00:00.000,0
609,90066,The Boy & The Bear - Coffee Roastery,Cafefika International Us,Los Angeles,12712 W Washington Blvd,"{'latitude': '33.9966', 'longitude': '-118.435'}",2018-02-05T00:00:00.000,0
610,90041,Hilltop Coffee + Kitchen,Hilltop Eagle Rock Llc,Los Angeles,4427   Eagle Rock Blvd,"{'latitude': '34.1252', 'longitude': '-118.2203'}",2019-06-01T00:00:00.000,0
611,90057,Tactile Coffee,Tactile Coffee,Los Angeles,3109   Beverly Blvd,"{'latitude': '34.0722', 'longitude': '-118.2823'}",2016-02-01T00:00:00.000,0
612,90071,Nossa Familia Coffee,Brazilian Specialty Coffee Llc,Los Angeles,601 W 5Th Street   Lobby #110,"{'latitude': '34.0507', 'longitude': '-118.2539'}",2017-07-01T00:00:00.000,0
613,90026,Tierra Mia Coffee Company,Tierra Mia Coffee Company,Los Angeles,1202 N Alvarado Street #A,"{'latitude': '34.0781', 'longitude': '-118.2631'}",2013-04-01T00:00:00.000,0
614,90031,Tierra Mia Coffee Company,Tierra Mia Coffee Company,Los Angeles,2108 N Broadway,"{'latitude': '34.073', 'longitude': '-118.2185', 'human_address': '{""address"": """", ""city"": """", ""state"": """", ""zip"": """"}'}",2019-09-01T00:00:00.000,0
