business_name,city,council_district,dba_name,location_1,location_account,location_description,location_start_date,mailing_address,mailing_city,mailing_zip_code,naics,primary_naics_description,street_address,zip_code
STARBUCKS CORPORATION,MISSION HILLS,7,STARBUCKS COFFEE #5833,"{'latitude': '34.2573', 'longitude': '-118.4696'}",0000400401-0001-8,15501 DEVONSHIRE 91345-2620,2001-02-03T00:00:00.000,POST OFFICE BOX #34442,SEATTLE,98124-1442,445290,Home furnishings stores,15501 DEVONSHIRE STREET,91345-2620
STARBUCKS CORPORATION,WOODLAND HILLS,3,STARBUCKS COFFEE #18869,"{'latitude': '34.1576', 'longitude': '-118.6353'}",0000008207-0011-2,23355 MULHOLLAND 91364-2734,2013-04-04T00:00:00.000,POST OFFICE BOX #34442,SEATTLE,98124-1442,445290,Home furnishings stores,23355 MULHOLLAND DRIVE,91364-2734
STARBUCKS CORPORATION,LOS ANGELES,14,STARBUCKS COFFEE #24871,"{'latitude': '34.0488', 'longitude': '-118.2517'}",0000008207-0032-5,401 5TH 90013-1001,2015-07-02T00:00:00.000,POST OFFICE BOX #34442,SEATTLE,98124-1442,311900,"Other food mfg. (including coffee, tea, flavoring, & seasonings)",401 W 5TH STREET,90013-1001
STARBUCKS CORPORATION,PACIFIC PALISADES,11,STARBUCKS COFFEE #609,"{'latitude': '34.0474', 'longitude': '-118.5257'}",0000155172-0001-5,15300 SUNSET 90272-3613,1994-10-15T00:00:00.000,POST OFFICE BOX #34442,SEATTLE,98124-1442,445290,Home furnishings stores,15300 W SUNSET BLVD,90272-3613
STARBUCKS CORPORATION,NORTH HILLS,7,,"{'latitude': '34.2335', 'longitude': '-118.4674'}",0000024503-0002-3,9000 SEPULVEDA 91343-4308,2005-06-03T00:00:00.000,POST OFFICE BOX #34442,SEATTLE,98124-1442,445290,Home furnishings stores,9000 SEPULVEDA BLVD #8637,91343-4308
STARBUCKS CORPORATION,LOS ANGELES,13,STARBUCKS COFFEE #55650,"{'latitude': '34.0978', 'longitude': '-118.2921'}",0002363980-0015-7,4700 SUNSET 90027-6082,2018-09-27T00:00:00.000,POST OFFICE BOX #34442,SEATTLE,98124-1442,311900,"Other food mfg. (including coffee, tea, flavoring, & seasonings)",4700 W SUNSET BLVD,90027-6082
STARBUCKS CORPORATION,STUDIO CITY,2,STARBUCKS COFFEE #573,"{'latitude': '34.1433', 'longitude': '-118.3975'}",0000115140-0001-0,12170 VENTURA 91604-2514,1994-07-01T00:00:00.000,POST OFFICE BOX #34442,SEATTLE,98124-1442,445290,Home furnishings stores,12170 VENTURA BLVD,91604-2514
STARBUCKS CORPORATION,LOS ANGELES,9,STARBUCKS COFFEE #21800,"{'latitude': '33.9882', 'longitude': '-118.2564'}",0000008207-0018-0,5857 CENTRAL 90001-1127,2014-03-14T00:00:00.000,POST OFFICE BOX #34442,SEATTLE,98124-1442,311900,"Other food mfg. (including coffee, tea, flavoring, & seasonings)",5857 S CENTRAL AVENUE,90001-1127
STARBUCKS CORPORATION,LOS ANGELES,5,STARBUCKS COFFEE #546,"{'latitude': '34.0394', 'longitude': '-118.4298'}",0000072045-0001-5,10911 PICO 90064-2111,1993-03-27T00:00:00.000,POST OFFICE BOX #34442,SEATTLE,98124-1442,445290,Home furnishings stores,10911 W PICO BLVD,90064-2111
STARBUCKS CORPORATION,LOS ANGELES,4,STARBUCKS COFFEE CO #507,"{'latitude': '34.0747', 'longitude': '-118.3236'}",0000860517-0001-7,206 LARCHMONT 90004-3707,1992-01-06T00:00:00.000,POST OFFICE BOX #34442,SEATTLE,98124-1442,445290,Home furnishings stores,206 N LARCHMONT BLVD,90004-3707
STARBUCKS CORPORATION,LOS ANGELES,5,STARBUCKS COFFEE 9233,"{'latitude': '34.0586', 'longitude': '-118.416'}",0000844743-0001-2,1999 AVENUE OF THE STARS 90067-4624,1991-01-01T00:00:00.000,POST OFFICE BOX #34442,SEATTLE,98124-1442,454390,"Other direct selling establishments (including door-to-door retailing, frozen food plan providers, party plan merchandisers, & coffee-break service providers)",1999 AVENUE OF THE STARS SUITE #100A,90067-4624
STARBUCKS CORPORATION,MARINA DEL REY,11,STARBUCKS COFFEE 616,"{'latitude': '33.9857', 'longitude': '-118.4435'}",0000155171-0001-1,4264 LINCOLN 90292-5654,1994-10-29T00:00:00.000,POST OFFICE BOX #34067,SEATTLE,98124-1067,445290,Home furnishings stores,4264 LINCOLN BLVD,90292-5654
STARBUCKS CORPORATION,LOS ANGELES,11,STARBUCKS COFFEE #5213,"{'latitude': '34.0405', 'longitude': '-118.4633'}",0000317128-0001-4,12100 SANTA MONICA 90025-2516,1996-03-26T00:00:00.000,POST OFFICE BOX #34442,SEATTLE,98124-1442,445290,Home furnishings stores,12100 SANTA MONICA BLVD,90025-2516
STARBUCKS CORPORATION,LOS ANGELES,5,STARBUCKS COFFEE #624,"{'latitude': '34.0836', 'longitude': '-118.3558'}",0000174102-0001-5,7624 MELROSE 90046-7420,1995-01-14T00:00:00.000,POST OFFICE BOX #34442,SEATTLE,98124-1442,445290,Home furnishings stores,7624 MELROSE AVENUE,90046-7420
STARBUCKS CORPORATION,GRANADA HILLS,12,STARBUCKS COFFEE #11895,"{'latitude': '34.2854', 'longitude': '-118.502'}",0002111694-0002-5,11850 BALBOA 91344-2753,2007-04-27T00:00:00.000,POST OFFICE BOX #34442,SEATTLE,98124-1442,453990,"All other miscellaneous store retailers (including tobacco, candle, & trophy shops)",11850 BALBOA BLVD UNIT #B102,91344-2753
STARBUCKS CORPORATION,SAN PEDRO,15,STARBUCKS COFFEE #5694,"{'latitude': '33.7231', 'longitude': '-118.3126'}",0000966487-0001-3,2470 WESTERN 90732-4359,1999-07-24T00:00:00.000,POST OFFICE BOX #34442,SEATTLE,98124-1442,722110,Full-service restaurants,2470 S WESTERN AVENUE,90732-4359
STARBUCKS CORPORATION,LOS ANGELES,11,STARBUCKS COFFEE #14211,"{'latitude': '33.9565', 'longitude': '-118.3961'}",0000373841-0002-4,8844 SEPULVEDA 90045-4833,2008-02-29T00:00:00.000,POST OFFICE BOX #34442,SEATTLE,98124-1442,722110,Full-service restaurants,8844 S SEPULVEDA BLVD,90045-4833
STARBUCKS CORPORATION,LOS ANGELES,14,STARBUCKS COFFEE #15062,"{'latitude': '34.0561', 'longitude': '-118.2374'}",0000554785-0014-8,800 ALAMEDA 90012-2177,2011-03-25T00:00:00.000,POST OFFICE BOX #34442,SEATTLE,98124-1442,722110,Full-service restaurants,800 N ALAMEDA STREET,90012-2177
STARBUCKS CORPORATION,LOS ANGELES,10,STARBUCKS COFFEE #9506,"{'latitude': '34.0485', 'longitude': '-118.3382'}",0000554785-0011-3,4700 PICO 90019-4267,2010-11-01T00:00:00.000,POST OFFICE BOX #34442,SEATTLE,98124-1442,722211,Limited-service eating places,4700 W PICO BLVD,90019-4267
STARBUCKS CORPORATION,SHERMAN OAKS,4,STARBUCKS COFFEE #5996,"{'latitude': '34.1576', 'longitude': '-118.4241'}",0000532314-0001-6,13351 RIVERSIDE 91423-2542,2001-09-01T00:00:00.000,POST OFFICE BOX #34442,SEATTLE,98124-1442,722110,Full-service restaurants,13351 RIVERSIDE DRIVE #A,91423-2542
STARBUCKS CORPORATION,ENCINO,5,STARBUCKS COFFEE #643,"{'latitude': '34.1574', 'longitude': '-118.4914'}",0000008207-0002-3,16461 VENTURA 91436-4370,1994-11-18T00:00:00.000,POST OFFICE BOX #34067,SEATTLE,98124-1067,445290,Home furnishings stores,16461 VENTURA BLVD #A,91436-4370
STARBUCKS CORPORATION,LOS ANGELES,14,STARBUCKS COFFEE #5289,"{'latitude': '34.0523', 'longitude': '-118.2517'}",0000372284-0001-8,350 GRAND 90071-3461,1996-07-08T00:00:00.000,POST OFFICE BOX #34442,SEATTLE,98124-1442,445290,Home furnishings stores,350 S GRAND AVENUE #B5,90071-3461
STARBUCKS CORPORATION,NORTHRIDGE,12,STARBUCKS COFFEE #20686,"{'latitude': '34.234', 'longitude': '-118.536'}",0000008207-0025-2,9020 RESEDA 91324-3923,2014-09-30T00:00:00.000,POST OFFICE BOX #34442,SEATTLE,98124-1442,311900,"Other food mfg. (including coffee, tea, flavoring, & seasonings)",9020 RESEDA BLVD UNIT #A,91324-3923
STARBUCKS CORPORATION,LOS ANGELES,11,STARBUCKS COFFEE #5785,"{'latitude': '33.9781', 'longitude': '-118.393'}",0000445521-0001-5,6081 CENTER 90045-8830,2001-02-07T00:00:00.000,POST OFFICE BOX #34442,SEATTLE,98124-1442,722110,Full-service restaurants,6081 CENTER DRIVE #108,90045-8830
STARBUCKS CORPORATION,NORTH HILLS,12,STARBUCKS COFFEE #6782,"{'latitude': '34.2356', 'longitude': '-118.4855'}",0000708421-0001-0,16222 NORDHOFF 91343-3806,2003-01-01T00:00:00.000,POST OFFICE BOX #34442,SEATTLE,98124-1442,445290,Home furnishings stores,16222 NORDHOFF STREET,91343-3806
STARBUCKS CORPORATION,LOS ANGELES,14,STARBUCKS COFFEE #13222,"{'latitude': '34.045', 'longitude': '-118.2639'}",0000845629-0002-0,800 OLYMPIC 90015-1361,2008-12-03T00:00:00.000,POST OFFICE BOX #34442,SEATTLE,98124-1442,722110,Full-service restaurants,800 W OLYMPIC BLVD UNIT #102,90015-1361
STARBUCKS CORPORATION,SAN PEDRO,15,STARBUCKS COFFEE #11868,"{'latitude': '33.7402', 'longitude': '-118.2923'}",0000111880-0009-8,438 GAFFEY 90731-2436,2007-10-10T00:00:00.000,POST OFFICE BOX #34442,SEATTLE,98124-1442,722110,Full-service restaurants,438 S GAFFEY STREET,90731-2436
STARBUCKS CORPORATION,LOS ANGELES,13,STARBUCKS COFFEE #5461,"{'latitude': '34.098', 'longitude': '-118.3223'}",0000666146-0001-3,6102 SUNSET 90028-6424,1997-11-22T00:00:00.000,POST OFFICE BOX #34442,SEATTLE,98124-1442,445290,Home furnishings stores,6102 W SUNSET BLVD #6102,90028-6424
STARBUCKS CORPORATION,VAN NUYS,2,STARBUCKS COFFEE COMPANY # 51180,"{'latitude': '34.2017', 'longitude': '-118.4304'}",0000364285-0002-9,13641 SHERMAN 91405-2845,2017-11-02T00:00:00.000,POST OFFICE BOX #34442,SEATTLE,98124-1442,311900,"Other food mfg. (including coffee, tea, flavoring, & seasonings)",13641   SHERMAN WAY,91405-2845
STARBUCKS CORPORATION,LOS ANGELES,4,STARBUCKS COFFEE #9998,"{'latitude': '34.0623', 'longitude': '-118.3451'}",0000111880-0004-7,5353 WILSHIRE 90036-4284,2006-04-21T00:00:00.000,POST OFFICE BOX #34442,SEATTLE,98124-1442,445290,Home furnishings stores,5353 WILSHIRE BLVD,90036-4284
STARBUCKS CORPORATION,LOS ANGELES,5,STARBUCKS COFFEE CO #536,"{'latitude': '34.0589', 'longitude': '-118.444'}",0000845629-0001-1,1161 WESTWOOD 90024-3419,1993-01-23T00:00:00.000,POST OFFICE BOX #34442,SEATTLE,98124-1442,445290,Home furnishings stores,1161 WESTWOOD BLVD,90024-3419
STARBUCKS CORPORATION,TARZANA,3,STARBUCKS COFFEE #5959,"{'latitude': '34.1865', 'longitude': '-118.5539'}",0000584427-0001-8,19313 VICTORY 91335-6302,2002-02-02T00:00:00.000,POST OFFICE BOX #34442,SEATTLE,98124-1442,722110,Full-service restaurants,19313 VICTORY BLVD #1,91335-6302
STARBUCKS CORPORATION,LOS ANGELES,10,STARBUCKS COFFEE #22525,"{'latitude': '34.0617', 'longitude': '-118.2905'}",0000008207-0020-1,3150 WILSHIRE 90010-1204,2014-05-05T00:00:00.000,POST OFFICE BOX #34442,SEATTLE,98124-1442,311900,"Other food mfg. (including coffee, tea, flavoring, & seasonings)",3150 WILSHIRE BLVD,90010-1204
STARBUCKS CORPORATION,VALLEY VILLAGE,2,STARBUCKS COFFEE #20895,"{'latitude': '34.1721', 'longitude': '-118.3966'}",0000008207-0030-9,12106 BURBANK 91607-1709,2015-03-15T00:00:00.000,POST OFFICE BOX #34442,SEATTLE,98124-1442,311900,"Other food mfg. (including coffee, tea, flavoring, & seasonings)",12106 BURBANK BLVD,91607-1709
STARBUCKS CORPORATION,VAN NUYS,6,STARBUCKS COFFEE #9456,"{'latitude': '34.2084', 'longitude': '-118.5094'}",0000111880-0002-1,17272 SATICOY 91406-2103,2005-08-05T00:00:00.000,POST OFFICE BOX #34442,SEATTLE,98124-1442,445290,Home furnishings stores,17272 SATICOY STREET,91406-2103
STARBUCKS CORPORATION,LOS ANGELES,10,STARBUCKS COFFEE #9505,"{'latitude': '34.0398', 'longitude': '-118.3303'}",0000554785-0012-1,4177 WASHINGTON 90018-1055,2010-11-01T00:00:00.000,POST OFFICE BOX #34442,SEATTLE,98124-1442,722211,Limited-service eating places,4177 W WASHINGTON BLVD,90018-1055
STARBUCKS CORPORATION,N HOLLYWOOD,2,STARBUCKS COFFEE#5839,"{'latitude': '34.1866', 'longitude': '-118.4127'}",0000024503-0001-5,12848 VICTORY 91606-3013,2000-09-30T00:00:00.000,POST OFFICE BOX #34442,SEATTLE,98124-1442,445290,Home furnishings stores,12848 VICTORY BLVD,91606-3013
STARBUCKS CORPORATION,LOS ANGELES,14,STARBUCKS COFFEE #9227,"{'latitude': '34.053', 'longitude': '-118.2528'}",0000752289-0001-0,333 HOPE 90071-1406,1989-11-29T00:00:00.000,POST OFFICE BOX #34067,SEATTLE,98124-1067,722110,Full-service restaurants,333 S HOPE STREET,90071-1406
STARBUCKS CORPORATION,LOS ANGELES,11,STARBUCKS COFFEE #22640,"{'latitude': '34.0035', 'longitude': '-118.4335'}",0000008207-0024-4,12404 VENICE 90066-3804,2014-09-23T00:00:00.000,POST OFFICE BOX #34442,SEATTLE,98124-1442,311900,"Other food mfg. (including coffee, tea, flavoring, & seasonings)",12404 VENICE BLVD,90066-3804
STARBUCKS CORPORATION,LOS ANGELES,13,STARBUCKS COFFEE #16980,"{'latitude': '34.1016', 'longitude': '-118.3262'}",0000111880-0016-1,6290 HOLLYWOOD 90028-5309,2012-08-23T00:00:00.000,POST OFFICE BOX #34442,SEATTLE,98124-1442,722110,Full-service restaurants,6290 HOLLYWOOD BLVD,90028-5309
STARBUCKS CORPORATION,LOS ANGELES,14,STARBUCKS COFFEE #5284,"{'latitude': '34.0515', 'longitude': '-118.256'}",0000371553-0001-0,505 FLOWER 90071-2118,1996-07-27T00:00:00.000,POST OFFICE BOX #34442,SEATTLE,98124-1442,445290,Home furnishings stores,505 S FLOWER STREET SUITE #B13,90071-2118
STARBUCKS CORPORATION,WOODLAND HILLS,3,STARBUCKS COFFEE #585,"{'latitude': '34.1691', 'longitude': '-118.6057'}",0000111880-0001-2,5422 TOPANGA CANYON 91367-6313,1994-05-22T00:00:00.000,POST OFFICE BOX #34442,SEATTLE,98124-1442,445290,Home furnishings stores,5422 TOPANGA CANYON BLVD,91367-6313
STARBUCKS CORPORATION,SHERMAN OAKS,4,STARBUCKS COFFEE #5552,"{'latitude': '34.1528', 'longitude': '-118.4604'}",0000864275-0001-4,15030 VENTURA 91403-5470,1998-04-18T00:00:00.000,POST OFFICE BOX #34442,SEATTLE,98124-1442,722110,Full-service restaurants,15030 VENTURA BLVD #1 A,91403-5470
STARBUCKS CORPORATION,LOS ANGELES,1,STARBUCKS COFFEE #6688,"{'latitude': '34.0554', 'longitude': '-118.2702'}",0000554785-0010-5,1601 WILSHIRE 90017-1610,2010-11-01T00:00:00.000,POST OFFICE BOX #34442,SEATTLE,98124-1442,722211,Limited-service eating places,1601 WILSHIRE BLVD,90017-1610
STARBUCKS CORPORATION,VENICE,11,STARBUCKS COFFEE COMPANY # 54500,"{'latitude': '33.9904', 'longitude': '-118.4764'}",0000037459-0014-2,909 OCEAN FRONT 90291-9006,2018-08-16T00:00:00.000,,,,424990,Other miscellaneous nondurable goods,909   OCEAN FRONT WALKS,90291-9006
STARBUCKS CORPORATION,LOS ANGELES,14,STARBUCKS COFFEE #17989,"{'latitude': '34.046', 'longitude': '-118.251'}",0000111880-0019-5,206 6TH 90014-1848,2012-09-28T00:00:00.000,POST OFFICE BOX #34442,SEATTLE,98124-1442,722110,Full-service restaurants,206 W 6TH STREET,90014-1848
STARBUCKS CORPORATION,NORTHRIDGE,12,STARBUCKS COFFEE 5208,"{'latitude': '34.2563', 'longitude': '-118.536'}",0000268539-0001-9,10235 RESEDA 91324-1460,1995-09-02T00:00:00.000,POST OFFICE BOX #34067,SEATTLE,98124-1067,445290,Home furnishings stores,10235 RESEDA BLVD,91324-1460
STARBUCKS CORPORATION,LOS ANGELES,1,STARBUCKS COFFEE #10586,"{'latitude': '34.0523', 'longitude': '-118.2632'}",0000554785-0003-2,1090 WILSHIRE 90017-2416,2008-02-29T00:00:00.000,POST OFFICE BOX #34442,SEATTLE,98124-1442,722110,Full-service restaurants,1090 WILSHIRE BLVD,90017-2416
STARBUCKS CORPORATION,LOS ANGELES,14,STARBUCKS COFFEE # 6577,"{'latitude': '34.0488', 'longitude': '-118.2603'}",0000554785-0001-6,735 FIGUEROA 90017-2563,2002-01-26T00:00:00.000,POST OFFICE BOX #34442,SEATTLE,98124-1442,722110,Full-service restaurants,735 S FIGUEROA STREET #307,90017-2563
STARBUCKS CORPORATION,HARBOR CITY,0,STARBUCKS COFFEE #5843,"{'latitude': '33.7799', 'longitude': '-118.3095'}",0000193662-0001-3,26650 WESTERN 90710-3655,2000-09-30T00:00:00.000,POST OFFICE BOX #34442,SEATTLE,98124-1442,722110,Full-service restaurants,26650 WESTERN AVENUE #C,90710-3655
STARBUCKS CORPORATION,WOODLAND HILLS,3,STARBUCKS COFFEE #10895,"{'latitude': '34.1684', 'longitude': '-118.6154'}",0000111880-0007-1,22435 VENTURA 91364-1580,2006-09-08T00:00:00.000,POST OFFICE BOX #34442,SEATTLE,98124-1442,445290,Home furnishings stores,22435 VENTURA BLVD #B,91364-1580
STARBUCKS CORPORATION,LOS ANGELES,14,STARBUCKS #11233,"{'latitude': '34.0482', 'longitude': '-118.2543'}",0000554785-0002-4,523 6TH 90014-1217,2007-01-26T00:00:00.000,POST OFFICE BOX #34442,SEATTLE,98124-1442,722110,Full-service restaurants,523 W 6TH STREET #R533S,90014-1217
STARBUCKS CORPORATION,SYLMAR,7,STARBUCKS COFFEE # 25059,"{'latitude': '34.3077', 'longitude': '-118.4307'}",0000008207-0033-3,13651 FOOTHILL 91342-3131,2015-08-20T00:00:00.000,POST OFFICE BOX #34442,SEATTLE,98124-1442,722300,Special food services (including food service contractors & caterers),13651 FOOTHILL BLVD,91342-3131
STARBUCKS CORPORATION,VALLEY VILLAGE,2,STARBUCKS COFFEE #6610,"{'latitude': '34.1576', 'longitude': '-118.3964'}",0000583456-0001-7,4800 LAUREL CANYON 91607-3717,2002-03-09T00:00:00.000,POST OFFICE BOX #34442,SEATTLE,98124-1442,722110,Full-service restaurants,4800 LAUREL CANYON BLVD,91607-3717
STARBUCKS CORPORATION,LOS ANGELES,5,STARBUCKS COFFEE #5494,"{'latitude': '34.0623', 'longitude': '-118.4472'}",0000066929-0001-2,10955 WEYBURN 90024-2811,1999-07-24T00:00:00.000,POST OFFICE BOX #34067,SEATTLE,98124-1067,722110,Full-service restaurants,10955 WEYBURN AVENUE,90024-2811
STARBUCKS CORPORATION,LOS ANGELES,11,STARBUCKS COFFEE #5394,"{'latitude': '34.0226', 'longitude': '-118.4388'}",0000472042-0001-3,11705 NATIONAL 90064-3644,1997-06-30T00:00:00.000,POST OFFICE BOX #34442,SEATTLE,98124-1442,445290,Home furnishings stores,11705 NATIONAL BLVD,90064-3644
STARBUCKS CORPORATION,LOS ANGELES,4,STARBUCKS COFFEE #5402,"{'latitude': '34.0979', 'longitude': '-118.343'}",0000456797-0001-8,7055 SUNSET 90028-7509,1997-05-10T00:00:00.000,POST OFFICE BOX #34442,SEATTLE,98124-1442,445290,Home furnishings stores,7055 W SUNSET BLVD,90028-7509
STARBUCKS CORPORATION,LOS ANGELES,10,STARBUCKS COFFEE #5911,"{'latitude': '34.0616', 'longitude': '-118.3059'}",0000411884-0001-7,3680 WILSHIRE 90010-2707,2001-05-05T00:00:00.000,POST OFFICE BOX #34067,SEATTLE,98124-1067,445290,Home furnishings stores,3680 WILSHIRE BLVD,90010-2707
STARBUCKS CORPORATION,LOS ANGELES,14,STARBUCKS COFFEE #19848,"{'latitude': '34.115', 'longitude': '-118.1831'}",0000008207-0017-1,6240 YORK 90042-3638,2014-04-10T00:00:00.000,POST OFFICE BOX #34442,SEATTLE,98124-1442,311900,"Other food mfg. (including coffee, tea, flavoring, & seasonings)",6240 YORK BLVD,90042-3638
STARBUCKS CORPORATION,SHERMAN OAKS,4,STARBUCKS COFFEE #18356,"{'latitude': '34.1576', 'longitude': '-118.4381'}",0000008207-0014-7,14006 RIVERSIDE 91423-6328,2013-09-19T00:00:00.000,POST OFFICE BOX #34442,SEATTLE,98124-1442,445290,Home furnishings stores,14006 RIVERSIDE DRIVE #24C,91423-6328
STARBUCKS CORPORATION,WOODLAND HILLS,3,STARBUCKS COFFEE #9384,"{'latitude': '34.1783', 'longitude': '-118.5973'}",0000111880-0003-9,5960 CANOGA 91367-5042,2006-03-24T00:00:00.000,POST OFFICE BOX #34442,SEATTLE,98124-1442,445290,Home furnishings stores,5960 CANOGA AVENUE,91367-5042
STARBUCKS CORPORATION,LOS ANGELES,13,STARBUCKS COFFEE #5683,"{'latitude': '34.104', 'longitude': '-118.2591'}",0000947625-0001-3,2556 GLENDALE 90039-3220,1999-02-27T00:00:00.000,POST OFFICE BOX #34442,SEATTLE,98124-1442,722110,Full-service restaurants,2556 GLENDALE BLVD,90039-3220
STARBUCKS CORPORATION,TARZANA,3,STARBUCKS COFFEE #11779,"{'latitude': '34.1727', 'longitude': '-118.5564'}",0002267130-0003-3,19439 VENTURA 91356-3030,2007-12-14T00:00:00.000,POST OFFICE BOX #34442,SEATTLE,98124-1442,311900,"Other food mfg. (including coffee, tea, flavoring, & seasonings)",19439 VENTURA BLVD,91356-3030
STARBUCKS CORPORATION,NORTH HOLLYWOOD,2,STARBUCKS COFFEE #13365,"{'latitude': '34.2012', 'longitude': '-118.406'}",0000008207-0005-8,12520 SHERMAN 91605-5236,2008-10-10T00:00:00.000,POST OFFICE BOX #34067,SEATTLE,98124-1067,722110,Full-service restaurants,12520 SHERMAN WAY,91605-5236
STARBUCKS CORPORATION,LOS ANGELES,4,STARBUCKS COFFEE #5277,"{'latitude': '34.0713', 'longitude': '-118.36'}",0000364283-0001-1,6333 3RD 90036-3191,1996-06-15T00:00:00.000,POST OFFICE BOX #34067,SEATTLE,98124-1067,445290,Home furnishings stores,6333 W 3RD STREET #112,90036-3191
STARBUCKS CORPORATION,LOS ANGELES,4,STARBUCK COFFEE #5794,"{'latitude': '34.1017', 'longitude': '-118.2917'}",0000271368-0001-4,1700 VERMONT 90027-4306,2000-12-16T00:00:00.000,POST OFFICE BOX #34442,SEATTLE,98124-1442,445290,Home furnishings stores,1700 N VERMONT AVENUE,90027-4306
STARBUCKS CORPORATION,CHATSWORTH,12,STARBUCKS COFFEE #16710,"{'latitude': '34.2372', 'longitude': '-118.5885'}",0000008207-0006-6,9157 DE SOTO 91311-4906,2012-04-06T00:00:00.000,POST OFFICE BOX #34442,SEATTLE,98124-1442,722110,Full-service restaurants,9157 DE SOTO AVENUE,91311-4906
STARBUCKS CORPORATION,LOS ANGELES,14,STARBUCKS COFFEE #24164,"{'latitude': '34.0479', 'longitude': '-118.2578'}",0000037459-0011-8,700 7TH 90017-3768,2017-06-08T00:00:00.000,POST OFFICE BOX #34442,SEATTLE,98124-1442,311900,"Other food mfg. (including coffee, tea, flavoring, & seasonings)",700 W 7TH STREET,90017-3768
STARBUCKS CORPORATION,LOS ANGELES,10,STARBUCKS COFFEE #6593,"{'latitude': '34.0191', 'longitude': '-118.335'}",0000111880-0012-8,3730 CRENSHAW 90016-5804,2010-11-01T00:00:00.000,POST OFFICE BOX #34442,SEATTLE,98124-1442,722110,Full-service restaurants,3730 CRENSHAW BLVD,90016-5804
STARBUCKS CORPORATION,GRANADA HILLS,12,STARBUCKS COFFEE #5207,"{'latitude': '34.2574', 'longitude': '-118.499'}",0000268538-0001-4,16850 DEVONSHIRE 91344-7404,1995-09-16T00:00:00.000,POST OFFICE BOX #34442,SEATTLE,98124-1442,445290,Home furnishings stores,16850 DEVONSHIRE STREET,91344-7404
STARBUCKS CORPORATION,NORTHRIDGE,12,STARBUCKS COFFEE #5627,"{'latitude': '34.2427', 'longitude': '-118.5579'}",0000910728-0001-5,19500 PLUMMER 91324-2147,1998-11-14T00:00:00.000,POST OFFICE BOX #34442,SEATTLE,98124-1442,445290,Home furnishings stores,19500 PLUMMER STREET #F4,91324-2147
STARBUCKS CORPORATION,LOS ANGELES,14,STARBUCKS COFFEE #22477,"{'latitude': '34.0245', 'longitude': '-118.2203'}",0000008207-0021-0,2675 OLYMPIC 90023-2607,2014-06-05T00:00:00.000,POST OFFICE BOX #34442,SEATTLE,98124-1442,311900,"Other food mfg. (including coffee, tea, flavoring, & seasonings)",2675 E OLYMPIC BLVD,90023-2607
STARBUCKS CORPORATION,CANOGA PARK,3,STARBUCKS COFFEE 639,"{'latitude': '34.1898', 'longitude': '-118.6058'}",0000174012-0001-1,6600 TOPANGA CANYON 91303-4603,1995-01-28T00:00:00.000,POST OFFICE BOX #34442,SEATTLE,98124-1442,445290,Home furnishings stores,6600 TOPANGA CANYON BLVD #49F,91303-4603
STARBUCKS CORPORATION,LOS ANGELES,5,STARBUCKS COFFEE #6451,"{'latitude': '34.031', 'longitude': '-118.4014'}",0000710339-0001-0,9824 NATIONAL 90034-2713,2002-10-19T00:00:00.000,POST OFFICE BOX #34442,SEATTLE,98124-1442,722110,Full-service restaurants,9824 NATIONAL BLVD SUITE #A,90034-2713
STARBUCKS CORPORATION,PACIFIC PALISADES,11,STARBUCKS COFFEE #20770,"{'latitude': '34.0455', 'longitude': '-118.5519'}",0000008207-0016-3,516 PALISADES 90272-2844,2013-12-13T00:00:00.000,POST OFFICE BOX #34442,SEATTLE,98124-1442,311900,"Other food mfg. (including coffee, tea, flavoring, & seasonings)",516 PALISADES DRIVE,90272-2844
STARBUCKS CORPORATION,HARBOR CITY,15,STARBUCKS COFFEE #20680,"{'latitude': '33.7978', 'longitude': '-118.3069'}",0000008207-0015-5,1680 LOMITA 90710-2028,2013-09-12T00:00:00.000,POST OFFICE BOX #34442,SEATTLE,98124-1442,445290,Home furnishings stores,1680 LOMITA BLVD,90710-2028
STARBUCKS CORPORATION,LOS ANGELES,1,STARBUCKS COFFEE #19883,"{'latitude': '34.0592', 'longitude': '-118.2398'}",0000008207-0013-9,639 BROADWAY 90012-2801,2013-09-19T00:00:00.000,POST OFFICE BOX #34442,SEATTLE,98124-1442,445290,Home furnishings stores,639 N BROADWAY,90012-2801
STARBUCKS CORPORATION,VAN NUYS,6,STARBUCKS COFFEE #6961,"{'latitude': '34.2012', 'longitude': '-118.4679'}",0000111880-0014-4,15355 SHERMAN 91406-4200,2010-11-01T00:00:00.000,POST OFFICE BOX #34442,SEATTLE,98124-1442,722110,Full-service restaurants,15355 SHERMAN WAY,91406-4200
STARBUCKS CORPORATION,TARZANA,3,STARBUCKS COFFEE #9074,"{'latitude': '34.1706', 'longitude': '-118.5407'}",0002267130-0004-1,18700 VENTURA 91356-6352,2011-08-22T00:00:00.000,POST OFFICE BOX #34067,SEATTLE,98124-1067,722300,Special food services (including food service contractors & caterers),18700 VENTURA BLVD UNIT #120,91356-6352
STARBUCKS CORPORATION,MARINA DEL REY,11,STARBUCKS COFFEE #5275,"{'latitude': '33.9797', 'longitude': '-118.4656'}",0000364285-0001-1,100 WASHINGTON 90292-5126,1996-06-29T00:00:00.000,POST OFFICE BOX #34442,SEATTLE,98124-1442,445290,Home furnishings stores,100 WASHINGTON BLVD,90292-5126
STARBUCKS CORPORATION,LOS ANGELES,11,STARBUCKS COFFEE #5244,"{'latitude': '33.9571', 'longitude': '-118.3962'}",0000317127-0001-0,8817 SEPULVEDA 90045-4809,1996-03-09T00:00:00.000,POST OFFICE BOX #34067,SEATTLE,98124-1067,445290,Home furnishings stores,8817 S SEPULVEDA BLVD,90045-4809
STARBUCKS CORPORATION,HOLLYWOOD,13,STARBUCKS COFFEE #6467,"{'latitude': '34.1015', 'longitude': '-118.3401'}",0000552208-0001-5,6801 HOLLYWOOD 90028-6136,2001-11-08T00:00:00.000,POST OFFICE BOX #34442,SEATTLE,98124-1442,722410,Drinking places (alcoholic beverages),6801 HOLLYWOOD BLVD #D2256,90028-6136
STARBUCKS CORPORATION,VAN NUYS,6,STARBUCKS COFFEE #19305,"{'latitude': '34.2212', 'longitude': '-118.5014'}",0000008207-0012-1,16926 ROSCOE 91406-1101,2013-05-16T00:00:00.000,POST OFFICE BOX #34442,SEATTLE,98124-1442,445290,Home furnishings stores,16926 ROSCOE BLVD,91406-1101
STARBUCKS CORPORATION,LOS ANGELES,4,STARBUCKS CORPORATION #11991,"{'latitude': '34.1285', 'longitude': '-118.3462'}",0000111880-0010-1,3242 CAHUENGA 90068-1822,2007-12-14T00:00:00.000,POST OFFICE BOX #34442,SEATTLE,98124-1442,722110,Full-service restaurants,3242 CAHUENGA BLVD E,90068-1822
STARBUCKS CORPORATION,LOS ANGELES,14,STARBUCKS COFFEE #9230,"{'latitude': '34.0556', 'longitude': '-118.2454'}",0000855742-0001-1,217 HILL 90012-2705,1991-11-11T00:00:00.000,POST OFFICE BOX #34067,SEATTLE,98124-1067,453990,"All other miscellaneous store retailers (including tobacco, candle, & trophy shops)",217 N HILL STREET,90012-2705
STARBUCKS CORPORATION,WOODLAND HILLS,3,STARBUCKS COFFEE #5487,"{'latitude': '34.1712', 'longitude': '-118.5702'}",0000649039-0001-4,20054 VENTURA 91364-2637,1997-12-06T00:00:00.000,POST OFFICE BOX #34442,SEATTLE,98124-1442,445290,Home furnishings stores,20054 VENTURA BLVD,91364-2637
STARBUCKS CORPORATION,WOODLAND HILLS,3,STARBUCKS COFFEE #21086,"{'latitude': '34.1664', 'longitude': '-118.5883'}",0000008207-0019-8,20903 VENTURA 91364-2331,2014-03-05T00:00:00.000,POST OFFICE BOX #34442,SEATTLE,98124-1442,311900,"Other food mfg. (including coffee, tea, flavoring, & seasonings)",20903 VENTURA BLVD,91364-2331
STARBUCKS CORPORATION,CHATSWORTH,12,STARBUCKS COFFEE #49449,"{'latitude': '34.2492', 'longitude': '-118.5799'}",0002363980-0021-1,9857 MASON 91311-5212,2019-04-25T00:00:00.000,POST OFFICE BOX #34442,SEATTLE,98124-1442,311900,"Other food mfg. (including coffee, tea, flavoring, & seasonings)",9857   MASON AVENUE,91311-5212
STARBUCKS CORPORATION,LOS ANGELES,11,STARBUCKS COFFEE #659,"{'latitude': '34.0646', 'longitude': '-118.4694'}",0000225200-0001-5,11700 BARRINGTON 90049-2930,1995-07-29T00:00:00.000,POST OFFICE BOX #34442,SEATTLE,98124-1442,445290,Home furnishings stores,11700 BARRINGTON COURT,90049-2930
STARBUCKS CORPORATION,LOS ANGELES,13,STARBUCKS COFFEE #5793,"{'latitude': '34.1259', 'longitude': '-118.2639'}",0000679696-0001-1,2919 LOS FELIZ 90039-1544,2003-01-04T00:00:00.000,POST OFFICE BOX #34442,SEATTLE,98124-1442,722110,Full-service restaurants,2919 LOS FELIZ BLVD #6,90039-1544
STARBUCKS CORPORATION,LOS ANGELES,14,STARBUCKS COFFEE #5291,"{'latitude': '34.0522', 'longitude': '-118.2554'}",0000386620-0001-6,444 FLOWER 90071-2900,1996-07-15T00:00:00.000,POST OFFICE BOX #34442,SEATTLE,98124-1442,445290,Home furnishings stores,444 S FLOWER STREET #170,90071-2900
STARBUCKS CORPORATION,LOS ANGELES,14,STARBUCKS COFFEE #51056,"{'latitude': '34.0557', 'longitude': '-118.2046'}",0002363980-0011-4,1106 CORNWELL 90033-1415,2017-08-31T00:00:00.000,POST OFFICE BOX #34067,SEATTLE,98124-1067,311900,"Other food mfg. (including coffee, tea, flavoring, & seasonings)",1106   CORNWELL STREET,90033-1415
STARBUCKS CORPORATION,LOS ANGELES,1,STARBUCKS COFFEE COMPANY # 55230,"{'latitude': '34.0865', 'longitude': '-118.2195'}",0000037459-0012-6,3241 FIGUEROA 90065-1525,2018-08-23T00:00:00.000,POST OFFICE BOX #34442,SEATTLE,98124-1442,311900,"Other food mfg. (including coffee, tea, flavoring, & seasonings)",3241 N FIGUEROA STREET,90065-1525
STARBUCKS CORPORATION,STUDIO CITY,2,STARBUCKS COFFEE #5734,"{'latitude': '34.1401', 'longitude': '-118.3694'}",0000995107-0001-1,10965 VENTURA 91604-3341,2000-02-05T00:00:00.000,POST OFFICE BOX #34442,SEATTLE,98124-1442,722110,Full-service restaurants,10965 VENTURA BLVD,91604-3341
STARBUCKS CORPORATION,GRANADA HILLS,12,STARBUCKS COFFEE #5643,"{'latitude': '34.2649', 'longitude': '-118.5234'}",0000947624-0001-9,17901 CHATSWORTH 91344-5606,1999-02-06T00:00:00.000,POST OFFICE BOX #34442,SEATTLE,98124-1442,722110,Full-service restaurants,17901 CHATSWORTH STREET,91344-5606
STARBUCKS CORPORATION,SUNLAND,7,STARBUCKS COFFEE #6915,"{'latitude': '34.2596', 'longitude': '-118.3149'}",0000871387-0001-0,8349 FOOTHILL 91040-2809,2003-06-27T00:00:00.000,POST OFFICE BOX #34442,SEATTLE,98124-1442,445290,Home furnishings stores,8349 FOOTHILL BLVD,91040-2809
STARBUCKS CORPORATION,LOS ANGELES,8,STARBUCKS COFFEE #5995,"{'latitude': '33.9891', 'longitude': '-118.3117'}",0000554785-0009-1,1850 SLAUSON 90047-1126,2010-11-01T00:00:00.000,POST OFFICE BOX #34442,SEATTLE,98124-1442,722211,Limited-service eating places,1850 W SLAUSON AVENUE,90047-1126
STARBUCKS CORPORATION,WOODLAND HILLS,3,STARBUCKS COFFEE # 11603,"{'latitude': '34.1569', 'longitude': '-118.6058'}",0002363980-0001-7,4900 TOPANGA CANYON 91364-3112,2008-09-26T00:00:00.000,POST OFFICE BOX #34442,SEATTLE,98124-1442,522200,Nondepository credit intermediation (including sales financing & consumer lending),4900 TOPANGA CANYON BLVD,91364-3112
STARBUCKS CORPORATION,NORTHRIDGE,12,STARBUCKS COFFEE #6459,"{'latitude': '34.2413', 'longitude': '-118.536'}",0000531468-0001-3,9420 RESEDA 91324-6001,2001-09-15T00:00:00.000,POST OFFICE BOX #34442,SEATTLE,98124-1442,445290,Home furnishings stores,9420 RESEDA BLVD #1,91324-6001
STARBUCKS CORPORATION,LOS ANGELES,14,STARBUCKS COFFEE 6608,"{'latitude': '34.04', 'longitude': '-118.2532'}",0000587235-0001-8,300 9TH 90015-1802,2002-04-13T00:00:00.000,POST OFFICE BOX #34442,SEATTLE,98124-1442,722110,Full-service restaurants,300 E 9TH STREET,90015-1802
STARBUCKS CORPORATION,LOS ANGELES,14,STARBUCKS COFFEE #5256,"{'latitude': '34.0529', 'longitude': '-118.2564'}",0000354687-0001-6,445 FIGUEROA 90071-1600,1996-04-20T00:00:00.000,POST OFFICE BOX #34442,SEATTLE,98124-1442,445290,Home furnishings stores,445 S FIGUEROA STREET #205,90071-1600
STARBUCKS CORPORATION,LOS ANGELES,13,STARBUCKS COFFEE #5877,"{'latitude': '34.1017', 'longitude': '-118.3083'}",0000646821-0001-8,5453 HOLLYWOOD 90027-3467,2002-06-26T00:00:00.000,POST OFFICE BOX #34442,SEATTLE,98124-1442,722110,Full-service restaurants,5453 HOLLYWOOD BLVD #D,90027-3467
STARBUCKS CORPORATION,LOS ANGELES,13,STARBUCKS COFFEE #15177,"{'latitude': '34.1015', 'longitude': '-118.3414'}",0000554785-0015-6,6933 HOLLYWOOD 90028-6149,2011-03-11T00:00:00.000,POST OFFICE BOX #34442,SEATTLE,98124-1442,722110,Full-service restaurants,6933 HOLLYWOOD BLVD UNIT #A,90028-6149
STARBUCKS CORPORATION,LOS ANGELES,13,STARBUCKS COFFEE #5620,"{'latitude': '34.1051', 'longitude': '-118.3374'}",0000489316-0001-2,1900 HIGHLAND 90068-2997,1999-04-17T00:00:00.000,POST OFFICE BOX #34442,SEATTLE,98124-1442,722110,Full-service restaurants,1900 N HIGHLAND AVENUE,90068-2997
STARBUCKS CORPORATION,LOS ANGELES,10,STARBUCKS COFFEE #5577,"{'latitude': '34.0581', 'longitude': '-118.3634'}",0000859652-0001-6,6066 OLYMPIC 90036-4402,1998-07-18T00:00:00.000,POST OFFICE BOX #34442,SEATTLE,98124-1442,722410,Drinking places (alcoholic beverages),6066 W OLYMPIC BLVD,90036-4402
STARBUCKS CORPORATION,NORTH HOLLYWOOD,4,STARBUCKS COFFEE #9596,"{'latitude': '34.1576', 'longitude': '-118.3779'}",0002234609-0001-7,11339 CAMARILLO 91602-1216,2007-03-16T00:00:00.000,POST OFFICE BOX #34442,SEATTLE,98124-1442,311900,"Other food mfg. (including coffee, tea, flavoring, & seasonings)",11339 CAMARILLO STREET,91602-1216
STARBUCKS CORPORATION,VAN NUYS,4,STARBUCKS COFFEE #6630,"{'latitude': '34.1721', 'longitude': '-118.4474'}",0000111880-0013-6,14431 BURBANK 91401-4825,2010-11-01T00:00:00.000,POST OFFICE BOX #34442,SEATTLE,98124-1442,722110,Full-service restaurants,14431 BURBANK BLVD,91401-4825
STARBUCKS CORPORATION,WEST HILLS,12,STARBUCKS COFFEE #563,"{'latitude': '34.1884', 'longitude': '-118.6427'}",0000845625-0001-3,6516 PLATT 91307-3218,1993-10-23T00:00:00.000,POST OFFICE BOX #34442,SEATTLE,98124-1442,445290,Home furnishings stores,6516 PLATT AVENUE,91307-3218
STARBUCKS CORPORATION,LOS ANGELES,14,STARBUCKS COFFEE 6557,"{'latitude': '34.0477', 'longitude': '-118.2393'}",0000552209-0001-0,401 2ND 90012-4204,2001-11-08T00:00:00.000,POST OFFICE BOX #34442,SEATTLE,98124-1442,722410,Drinking places (alcoholic beverages),401 E 2ND STREET #E,90012-4204
STARBUCKS CORPORATION,LOS ANGELES,10,STARBUCKS COFFEE #17848,"{'latitude': '34.0617', 'longitude': '-118.2989'}",0000111880-0018-7,3450 WILSHIRE 90010-2208,2012-09-28T00:00:00.000,POST OFFICE BOX #34442,SEATTLE,98124-1442,722110,Full-service restaurants,3450 WILSHIRE BLVD,90010-2208
STARBUCKS CORPORATION,HOLLYWOOD,13,STARBUCK'S COFFEE #5775,"{'latitude': '34.1015', 'longitude': '-118.3374'}",0000991179-0001-7,6743 HOLLYWOOD 90028-4604,2000-09-02T00:00:00.000,POST OFFICE BOX #34442,SEATTLE,98124-1442,722110,Full-service restaurants,6743 HOLLYWOOD BLVD,90028-4604
STARBUCKS CORPORATION,RESEDA,3,STARBUCKS COFFEE #6745,"{'latitude': '34.1945', 'longitude': '-118.536'}",0000008207-0004-0,6840 RESEDA 91335-4204,2002-10-19T00:00:00.000,POST OFFICE BOX #34067,SEATTLE,98124-1067,722110,Full-service restaurants,6840 RESEDA BLVD,91335-4204
STARBUCKS CORPORATION,LOS ANGELES,5,STARBUCKS COFFEE #5565,"{'latitude': '34.0435', 'longitude': '-118.4314'}",0000864309-0001-5,2215 WESTWOOD 90064-2098,1998-06-27T00:00:00.000,POST OFFICE BOX #34442,SEATTLE,98124-1442,722110,Full-service restaurants,2215 WESTWOOD BLVD,90064-2098
STARBUCKS CORPORATION,LOS ANGELES,14,STARBUCKS COFFEE #9234,"{'latitude': '34.0498', 'longitude': '-118.2533'}",0000194222-0001-3,555 5TH 90013-1010,1995-02-21T00:00:00.000,POST OFFICE BOX #34067,SEATTLE,98124-1067,722110,Full-service restaurants,555 W 5TH STREET,90013-1010
STARBUCKS COFFEE COMPANY # 5549,LOS ANGELES,5,STARBUCKS COFFEE #5549,"{'latitude': '34.1275', 'longitude': '-118.4445'}",0000826573-0001-9,2950 BEVERLY GLEN 90077-1724,1998-05-02T00:00:00.000,POST OFFICE BOX #34067,SEATTLE,98124-1067,722110,Full-service restaurants,2950 N BEVERLY GLEN CIRCLE,90077-1724
STARBUCKS CORPORATION,CHATSWORTH,12,STARBUCKS 5318,"{'latitude': '34.2505', 'longitude': '-118.6061'}",0000501929-0001-5,9935 TOPANGA CANYON 91311-3602,1996-11-16T00:00:00.000,POST OFFICE BOX #34442,SEATTLE,98124-1442,445290,Home furnishings stores,9935 TOPANGA CANYON BLVD,91311-3602
STARBUCKS CORPORATION,ENCINO,5,STARBUCKS COFFEE CO #544,"{'latitude': '34.1608', 'longitude': '-118.51'}",0000066930-0001-5,17308 VENTURA 91316-3904,1993-04-13T00:00:00.000,POST OFFICE BOX #34067,SEATTLE,98124-1067,445290,Home furnishings stores,17308 VENTURA BLVD,91316-3904
STARBUCKS CORPORATION,TORRANCE,15,STARBUCKS COFFEE #5651,"{'latitude': '33.8583', 'longitude': '-118.3021'}",0000969609-0001-1,1400 190TH 90501-1136,1999-07-17T00:00:00.000,POST OFFICE BOX #34442,SEATTLE,98124-1442,445290,Home furnishings stores,1400 W 190TH STREET #F,90501-1136
STARBUCKS CORPORATION,NORTHRIDGE,12,STARBUCKS CORPORATION #17853,"{'latitude': '34.2391', 'longitude': '-118.5535'}",0000111880-0017-9,9301 TAMPA 91324-2503,2012-09-28T00:00:00.000,POST OFFICE BOX #34442,SEATTLE,98124-1442,722110,Full-service restaurants,9301 TAMPA AVENUE,91324-2503
STARBUCKS CORPORATION,LOS ANGELES,4,STARBUCKS COFFEE #14629,"{'latitude': '34.098', 'longitude': '-118.3644'}",0000174102-0002-3,8000 SUNSET 90046-2442,2008-12-05T00:00:00.000,POST OFFICE BOX #34442,SEATTLE,98124-1442,722110,Full-service restaurants,8000 W SUNSET BLVD UNIT #B-110,90046-2442
STARBUCKS CORPORATION,LOS ANGELES,14,STARBUCKS COFFEE 8617,"{'latitude': '34.1392', 'longitude': '-118.2147'}",0000330070-0001-0,2216 COLORADO 90041-1143,2004-10-26T00:00:00.000,POST OFFICE BOX #34447,SEATTLE,98124-1447,,,2216 COLORADO BLVD,90041-1143
STARBUCKS CORP,LOS ANGELES,13,STARBUCKS COFFEE #5379,"{'latitude': '34.098', 'longitude': '-118.311'}",0000861981-0001-5,5545 SUNSET 90028-8521,1998-03-07T00:00:00.000,POST OFFICE BOX #34442,SEATTLE,98124-1442,722110,Full-service restaurants,5545 W SUNSET BLVD #106,90028-8521
STARBUCKS CORPORATION,SHERMAN OAKS,4,STARBUCKS COFFEE #5815,"{'latitude': '34.1537', 'longitude': '-118.4656'}",0000259392-0001-3,15301 VENTURA 91403-3102,2000-01-27T00:00:00.000,POST OFFICE BOX #34067,SEATTLE,98124-1067,722110,Full-service restaurants,15301 VENTURA BLVD,91403-3102
STARBUCKS CORPORATION,LOS ANGELES,10,STARBUCKS COFFEE #14412,"{'latitude': '34.0271', 'longitude': '-118.372'}",0000554785-0006-7,3344 LA CIENEGA 90016-3115,2008-10-07T00:00:00.000,POST OFFICE BOX #34442,SEATTLE,98124-1442,722110,Full-service restaurants,3344 S LA CIENEGA BLVD,90016-3115
STARBUCKS CORPORATION,SAN PEDRO,15,STARBUCKS COFFEE 6431,"{'latitude': '33.7637', 'longitude': '-118.3113'}",0000603837-0001-1,28190 WESTERN 90732-1248,2002-01-12T00:00:00.000,POST OFFICE BOX #34442,SEATTLE,98124-1442,722110,Full-service restaurants,28190 S WESTERN AVENUE,90732-1248
STARBUCKS CORPORATION,LOS ANGELES,5,STARBUCKS COFFEE #5626,"{'latitude': '34.0546', 'longitude': '-118.3833'}",0000956040-0001-8,8783 PICO 90035-2212,1999-02-27T00:00:00.000,POST OFFICE BOX #34442,SEATTLE,98124-1442,722110,Full-service restaurants,8783 W PICO BLVD,90035-2212
STARBUCKS CORPORATION,LOS ANGELES,5,STARBUCKS COFFEE #9232,"{'latitude': '34.0609', 'longitude': '-118.4141'}",0000239843-0001-8,1875 CENTURY 90067-2501,1994-02-01T00:00:00.000,POST OFFICE BOX #34442,SEATTLE,98124-1442,445290,Home furnishings stores,1875 CENTURY PARKS  E,90067-2501
STARBUCKS CORPORATION,LOS ANGELES,9,STARBUCKS COFFEE #17413,"{'latitude': '34.0191', 'longitude': '-118.2817'}",0000111880-0015-2,3584 FIGUEROA 90007-4313,2012-08-09T00:00:00.000,POST OFFICE BOX #34442,SEATTLE,98124-1442,722110,Full-service restaurants,3584 S FIGUEROA STREET UNIT #3,90007-4313
STARBUCKS CORPORATION,LOS ANGELES,14,STARBUCKS COFFEE #13397,"{'latitude': '34.0391', 'longitude': '-118.2607'}",0002249327-0001-3,1149 HILL 90015-2212,2007-06-01T00:00:00.000,,,,311900,"Other food mfg. (including coffee, tea, flavoring, & seasonings)",1149 S HILL STREET    #H120,90015-2212
STARBUCKS CORPORATION,WOODLAND HILLS,3,STARBUCKS COFFEE # 5485,"{'latitude': '34.188', 'longitude': '-118.5997'}",0000666105-0001-4,21504 VICTORY 91367-2423,1997-11-15T00:00:00.000,POST OFFICE BOX #34442,SEATTLE,98124-1442,445290,Home furnishings stores,21504 VICTORY BLVD,91367-2423
STARBUCKS CORPORATION,LOS ANGELES,4,STARBUCKS COFFEE #22601,"{'latitude': '34.0863', 'longitude': '-118.3385'}",0000008207-0028-7,859 HIGHLAND 90038-3416,2015-03-26T00:00:00.000,POST OFFICE BOX #34442,SEATTLE,98124-1442,311900,"Other food mfg. (including coffee, tea, flavoring, & seasonings)",859 N HIGHLAND AVENUE,90038-3416
STARBUCKS CORPORATION,VAN NUYS,6,STARBUCKS COFFEE #9683,"{'latitude': '34.2146', 'longitude': '-118.4487'}",0000554785-0013-0,7902 VAN NUYS 91402-6084,2010-11-01T00:00:00.000,POST OFFICE BOX #34442,SEATTLE,98124-1442,722110,Full-service restaurants,7902 VAN NUYS BLVD UNIT #B-2,91402-6084
STARBUCKS CORPORATION,LOS ANGELES,11,STARBUCKS COFFEE COMPANY # 25813,"{'latitude': '33.9612', 'longitude': '-118.4204'}",0000008207-0034-1,8400 LINCOLN 90045-2416,2015-09-15T00:00:00.000,POST OFFICE BOX #34442,SEATTLE,98124-1442,722211,Limited-service eating places,8400 LINCOLN BLVD,90045-2416
STARBUCKS CORPORATION,VAN NUYS,6,STARBUCKS COFFEE #23369,"{'latitude': '34.1947', 'longitude': '-118.4488'}",0000008207-0023-6,6833 VAN NUYS 91405-4626,2014-09-23T00:00:00.000,POST OFFICE BOX #34442,SEATTLE,98124-1442,311900,"Other food mfg. (including coffee, tea, flavoring, & seasonings)",6833 VAN NUYS BLVD,91405-4626
STARBUCKS CORPORATION,LOS ANGELES,14,STARBUCKS COFFEE #9973,"{'latitude': '34.0512', 'longitude': '-118.2425'}",0002067515-0001-4,120 LOS ANGELES 90012-3724,2005-09-30T00:00:00.000,POST OFFICE BOX #34442,SEATTLE,98124-1442,311900,"Other food mfg. (including coffee, tea, flavoring, & seasonings)",120 S LOS ANGELES STREET SUITE #110,90012-3724
STARBUCKS CORPORATION,LOS ANGELES,13,STARBUCKS COFFEE CO #10940,"{'latitude': '34.1163', 'longitude': '-118.2627'}",0002267130-0001-7,3111 GLENDALE 90039-1841,2007-05-07T00:00:00.000,POST OFFICE BOX #34442,SEATTLE,98124-1442,311900,"Other food mfg. (including coffee, tea, flavoring, & seasonings)",3111 GLENDALE BLVD SUITE #A,90039-1841
STARBUCKS CORPORATION,LOS ANGELES,4,STARBUCKS COFFEE #12900,"{'latitude': '34.0625', 'longitude': '-118.3545'}",0000111880-0011-0,5757 WILSHIRE 90036-3684,2010-12-10T00:00:00.000,POST OFFICE BOX #34442,SEATTLE,98124-1442,311900,"Other food mfg. (including coffee, tea, flavoring, & seasonings)",5757 WILSHIRE BLVD UNIT #106,90036-3684
STARBUCKS CORPORATION,CANOGA PARK,3,STARBUCKS COFFEE COMPANY #20895,"{'latitude': '34.1864', 'longitude': '-118.6236'}",0000008207-0001-5,22815 VICTORY 91307-3953,2000-04-08T00:00:00.000,POST OFFICE BOX #34442,SEATTLE,98124-1442,722211,Limited-service eating places,22815 VICTORY BLVD #A,91307-3953
STARBUCKS CORPORATION,LOS ANGELES,11,STARBUCKS COFFEE #508,"{'latitude': '34.0536', 'longitude': '-118.4661'}",0000845628-0001-7,11707 SAN VICENTE 90049-6628,1993-08-14T00:00:00.000,POST OFFICE BOX #34442,SEATTLE,98124-1442,445290,Home furnishings stores,11707 SAN VICENTE BLVD,90049-6628
STARBUCKS CORPORATION,LOS ANGELES,14,STARBUCKS COFFEE #55102,"{'latitude': '34.0451', 'longitude': '-118.2574'}",0002363980-0013-1,801 OLIVE 90014-3010,2018-09-06T00:00:00.000,POST OFFICE BOX #34442,SEATTLE,98124-1442,722211,Limited-service eating places,801 S OLIVE STREET,90014-3010
STARBUCKS CORPORATION,CANOGA PARK,3,STARBUCKS COFFEE #6473,"{'latitude': '34.202', 'longitude': '-118.5977'}",0002111694-0001-7,7258 CANOGA 91303-1627,2006-06-30T00:00:00.000,POST OFFICE BOX #34067,SEATTLE,98124-1067,722211,Limited-service eating places,7258 CANOGA AVENUE,91303-1627
STARBUCKS CORPORATION,SUN VALLEY,2,STARBUCKS COFFEE COMPANY # 27293,"{'latitude': '34.221', 'longitude': '-118.3671'}",0002363980-0010-6,8274 SUNLAND 91352-3301,2017-08-24T00:00:00.000,POST OFFICE BOX #34442,SEATTLE,98124-1442,311900,"Other food mfg. (including coffee, tea, flavoring, & seasonings)",8274   SUNLAND BLVD,91352-3301
STARBUCKS CORPORATION,LOS ANGELES,11,STARBUCKS COFFEE #5337,"{'latitude': '34.0384', 'longitude': '-118.4407'}",0000373841-0001-6,11280 OLYMPIC 90064-1719,1997-04-17T00:00:00.000,POST OFFICE BOX #34067,SEATTLE,98124-1067,445290,Home furnishings stores,11280 W OLYMPIC BLVD,90064-1719
STARBUCKS CORP,LOS ANGELES,11,STARBUCKS COFFEE #659,"{'latitude': '34.0535', 'longitude': '-118.4655'}",0000999236-0001-5,11700 SAN VICENTE 90049-5006,,,,,722110,Full-service restaurants,11700 SAN VICENTE BLVD,90049-5006
STARBUCKS CORPORATION,LOS ANGELES,5,STARBUCKS COFFEE #5250,"{'latitude': '34.0282', 'longitude': '-118.3904'}",0000477370-0001-6,8985 VENICE 90034-3344,1997-06-19T00:00:00.000,POST OFFICE BOX #34442,SEATTLE,98124-1442,445290,Home furnishings stores,8985 VENICE BLVD #CB 2,90034-3344
STARBUCKS CORPORATION,LOS ANGELES,8,STARBUCKS COFFEE COMPANY # 49792,"{'latitude': '34.0258', 'longitude': '-118.3085'}",0002363980-0006-8,1789 JEFFERSON 90018-3913,2017-07-20T00:00:00.000,POST OFFICE BOX #34442,SEATTLE,98124-1442,311900,"Other food mfg. (including coffee, tea, flavoring, & seasonings)",1789 W JEFFERSON BLVD,90018-3913
STARBUCKS CORPORATION,LOS ANGELES,5,STARBUCKS COFFEE #26527,"{'latitude': '34.0272', 'longitude': '-118.4285'}",0000008207-0035-0,3006 SEPULVEDA 90034-4202,2015-09-24T00:00:00.000,POST OFFICE BOX #34442,SEATTLE,98124-1442,722211,Limited-service eating places,3006 S SEPULVEDA BLVD,90034-4202
STARBUCKS CORPORATION,SHERMAN OAKS,4,STARBUCKS COFFEE #548,"{'latitude': '34.1514', 'longitude': '-118.4519'}",0000845627-0001-2,14622 VENTURA 91403-3662,1993-06-05T00:00:00.000,POST OFFICE BOX #34067,SEATTLE,98124-1067,445290,Home furnishings stores,14622 VENTURA BLVD #116,91403-3662
STARBUCKS CORPORATION,CHATSWORTH,12,STARBUCKS COFFEE #5341,"{'latitude': '34.2572', 'longitude': '-118.5805'}",0000448820-0001-7,20516 DEVONSHIRE 91311-3207,1997-04-02T00:00:00.000,POST OFFICE BOX #34067,SEATTLE,98124-1067,445290,Home furnishings stores,20516 DEVONSHIRE STREET # B,91311-3207
STARBUCKS CORPORATION,LOS ANGELES,5,STARBUCKS COFFEE #5373,"{'latitude': '34.0761', 'longitude': '-118.3447'}",0000373842-0001-1,7122 BEVERLY 90036-2569,1997-04-17T00:00:00.000,POST OFFICE BOX #34442,SEATTLE,98124-1442,445290,Home furnishings stores,7122 BEVERLY BLVD,90036-2569
STARBUCKS,LOS ANGELES,1,,"{'latitude': '34.0604', 'longitude': '-118.244'}",0000438009-0001-9,515 GRAND 90012,,,,,722110,Full-service restaurants,515 N GRAND AVENUE #528,90012-2149
STARBUCKS CORPORATION,LOS ANGELES,4,STARBUCKS COFFEE #5488,"{'latitude': '34.0621', 'longitude': '-118.3393'}",0000739257-0001-8,5020 WILSHIRE 90036-4315,1998-01-30T00:00:00.000,POST OFFICE BOX #34442,SEATTLE,98124-1442,722110,Full-service restaurants,5020 WILSHIRE BLVD,90036-4315
STARBUCKS COFFEE COMPANY #5394,LOS ANGELES,11,STARBUCKS COFFEE CO,"{'latitude': '34.0226', 'longitude': '-118.4388'}",0000401688-0001-2,11705 NATIONAL 90064-3644,,POST OFFICE BOX #34067,SEATTLE,98124-1067,722110,Full-service restaurants,11705 NATIONAL BLVD,90064-3644
STARBUCKS CORPORATION,VAN NUYS,4,STARBUCKS COFFEE #5777,"{'latitude': '34.1475', 'longitude': '-118.4283'}",0000147995-0001-0,13535 VENTURA 91423-3876,2000-04-01T00:00:00.000,POST OFFICE BOX #34442,SEATTLE,98124-1442,722110,Full-service restaurants,13535 VENTURA BLVD,91423-3876
STARBUCKS CORPORATION,LOS ANGELES,5,STARBUCKS COFFEE #5567,"{'latitude': '34.0481', 'longitude': '-118.4354'}",0000840830-0001-4,1898 WESTWOOD 90025-4612,1998-05-08T00:00:00.000,POST OFFICE BOX #34442,SEATTLE,98124-1442,722110,Full-service restaurants,1898 WESTWOOD BLVD,90025-4612
STARBUCKS CORPORATION,ENCINO,5,STARBUCKS COFFEE COMPANY # 50834,"{'latitude': '34.1651', 'longitude': '-118.5253'}",0002363980-0019-0,18025 VENTURA 91316-3517,2019-02-21T00:00:00.000,POST OFFICE BOX #34442,SEATTLE,98124-1442,311900,"Other food mfg. (including coffee, tea, flavoring, & seasonings)",18025   VENTURA BLVD,91316-3517
STARBUCKS CORPORATION,LOS ANGELES,10,STARBUCKS COFFEE #5698,"{'latitude': '34.0515', 'longitude': '-118.3439'}",0000554785-0008-3,1250 LA BREA 90019-1628,2010-11-01T00:00:00.000,POST OFFICE BOX #34442,SEATTLE,98124-1442,722211,Limited-service eating places,1250 S LA BREA AVENUE,90019-1628
STARBUCKS,LOS ANGELES,13,,"{'latitude': '34.1026', 'longitude': '-118.3395'}",0003120968-0001-2,6801 HOLLYWOOD 90028-6163,2018-01-01T00:00:00.000,,,,311900,"Other food mfg. (including coffee, tea, flavoring, & seasonings)",6801   HOLLYWOOD BLVD   #257,90028-6163
STARBUCKS CORPORATION,NORTHRIDGE,12,STARBUCKS COFFEE COMPANY # 29497,"{'latitude': '34.2358', 'longitude': '-118.554'}",0002363980-0018-1,19301 NORDHOFF 91324-2416,2018-12-07T00:00:00.000,POST OFFICE BOX #34442,SEATTLE,98124-1442,311900,"Other food mfg. (including coffee, tea, flavoring, & seasonings)",19301   NORDHOFF STREET,91324-2416
STARBUCKS CORPORATION,N HOLLYWOOD,2,STARBUCKS COFFEE #5447,"{'latitude': '34.1448', 'longitude': '-118.4121'}",0000548717-0001-2,12824 VENTURA 91604-2367,1997-09-11T00:00:00.000,POST OFFICE BOX #34442,SEATTLE,98124-1442,424990,Other miscellaneous nondurable goods,12824 VENTURA BLVD,91604-2367
STARBUCKS CORPORATION,LOS ANGELES,4,STARBUCKS COFFEE COMPANY # 27874,"{'latitude': '34.1111', 'longitude': '-118.2871'}",0002363980-0009-2,2138 HILLHURST 90027-2012,2017-08-17T00:00:00.000,POST OFFICE BOX #34442,SEATTLE,98124-1442,311900,"Other food mfg. (including coffee, tea, flavoring, & seasonings)",2138   HILLHURST AVENUE,90027-2012
STARBUCKS CORPORATION,LOS ANGELES,11,STARBUCKS COFFEE #8608,"{'latitude': '33.9815', 'longitude': '-118.4086'}",0000111880-0008-0,12313 JEFFERSON 90230-6225,2007-09-01T00:00:00.000,POST OFFICE BOX #34067,SEATTLE,98124-1067,311900,"Other food mfg. (including coffee, tea, flavoring, & seasonings)",12313 JEFFERSON BLVD,90230-6225
STARBUCKS CORPORATION,LOS ANGELES,13,STARBUCKS COFFEE COMPANY # 52258,"{'latitude': '34.0906', 'longitude': '-118.3258'}",0002363980-0020-3,6260 SANTA MONICA 90038-1704,2019-03-01T00:00:00.000,POST OFFICE BOX #34442,SEATTLE,98124-1442,311900,"Other food mfg. (including coffee, tea, flavoring, & seasonings)",6260   SANTA MONICA BLVD,90038-1704
STARBUCKS CORPORATION,LOS ANGELES,9,STARBUCKS COFFEE COMPANY # 52257,"{'latitude': '34.0242', 'longitude': '-118.2781'}",0000008207-0052-0,3026 FIGUEROA 90007-3711,2018-07-12T00:00:00.000,POST OFFICE BOX #34442,SEATTLE,98124-1442,311900,"Other food mfg. (including coffee, tea, flavoring, & seasonings)",3026 S FIGUEROA STREET,90007-3711
STARBUCKS CORPORATION,LOS ANGELES,9,STARBUCKS COFFEE COMPANY # 24005,"{'latitude': '34.0269', 'longitude': '-118.2768'}",0000008207-0029-5,2735 FIGUEROA 90007-3256,2015-03-12T00:00:00.000,POST OFFICE BOX #34442,SEATTLE,98124-1442,311900,"Other food mfg. (including coffee, tea, flavoring, & seasonings)",2735 S FIGUEROA STREET,90007-3256
STARBUCKS CORPORATION,LOS ANGELES,11,STARBUCKS COFFEE #57520,"{'latitude': '34.0257', 'longitude': '-118.4314'}",0002363980-0022-0,3061 SAWTELLE 90066-1407,2019-05-16T00:00:00.000,POST OFFICE BOX #34442,SEATTLE,98124-1442,311900,"Other food mfg. (including coffee, tea, flavoring, & seasonings)",3061   SAWTELLE BLVD,90066-1407
STARBUCKS CORPORATION,LOS ANGELES,1,STARBUCKS #27702,"{'latitude': '34.0593', 'longitude': '-118.242'}",0000008207-0040-6,232 2ND 90012-4082,2016-06-03T00:00:00.000,POST OFFICE BOX #34442,SEATTLE,98124-1442,311900,"Other food mfg. (including coffee, tea, flavoring, & seasonings)",232 E 2ND STREET,90012-4082
STARBUCKS CORPORATION,LOS ANGELES,14,STARBUCKS COFFEE COMPANY # 17331,"{'latitude': '34.0451', 'longitude': '-118.2603'}",0000554785-0016-4,600 9TH 90015-4301,2012-06-15T00:00:00.000,POST OFFICE BOX #34442,SEATTLE,98124-1442,722110,Full-service restaurants,600 W 9TH STREET,90015-4301
STARBUCKS CORPORATION,SAN PEDRO,15,STARBUCKS COFFEE #28906,"{'latitude': '33.7363', 'longitude': '-118.2919'}",0000008207-0046-5,682 9TH 90731-3108,2017-05-25T00:00:00.000,POST OFFICE BOX #34442,SEATTLE,98124-1442,311900,"Other food mfg. (including coffee, tea, flavoring, & seasonings)",682 W 9TH STREET,90731-3108
STARBUCKS CORPORATION,LOS ANGELES,11,STARBUCKS COFFEE #22881,"{'latitude': '33.9775', 'longitude': '-118.4174'}",0000008207-0026-1,12746 JEFFERSON 90066-7032,2014-11-20T00:00:00.000,POST OFFICE BOX #34067,SEATTLE,98124-1067,311900,"Other food mfg. (including coffee, tea, flavoring, & seasonings)",12746 W JEFFERSON BLVD,90066-7032
STARBUCKS CORPORATION,LOS ANGELES,9,STARBUCKS COFFEE COMPANY # 25043,"{'latitude': '34.0204', 'longitude': '-118.2861'}",0002363980-0008-4,3201 HOOVER 90089-3545,2017-08-10T00:00:00.000,POST OFFICE BOX #34442,SEATTLE,98124-1442,,,3201 S HOOVER STREET   #1820,90089-3545
STARBUCKS CORPORATION,LOS ANGELES,14,STARBUCKS COFFEE #26338,"{'latitude': '34.0253', 'longitude': '-118.2395'}",0000008207-0039-2,1401 ALAMEDA 90021-2425,2016-05-14T00:00:00.000,POST OFFICE BOX #34442,SEATTLE,98124-1442,311900,"Other food mfg. (including coffee, tea, flavoring, & seasonings)",1401 S ALAMEDA STREET,90021-2425
STARBUCKS CORPORATION,MISSION HILLS,7,STARBUCKS COFFEE COMPANY # 29863,"{'latitude': '34.2724', 'longitude': '-118.468'}",0000037459-0008-8,11109 SEPULVEDA 91345-1113,2017-04-12T00:00:00.000,POST OFFICE BOX #34442,SEATTLE,98124-1442,311900,"Other food mfg. (including coffee, tea, flavoring, & seasonings)",11109   SEPULVEDA BLVD,91345-1113
STARBUCKS CORPORATION,LOS ANGELES,1,STARBUCKS # 29377,"{'latitude': '34.0638', 'longitude': '-118.2842'}",0000008207-0042-2,534 OCCIDENTAL 90057-1502,2016-06-03T00:00:00.000,POST OFFICE BOX #34442,SEATTLE,98124-1442,311900,"Other food mfg. (including coffee, tea, flavoring, & seasonings)",534 S OCCIDENTAL BLVD,90057-1502
STARBUCKS CORPORATION,LOS ANGELES,10,STARBUCKS COFFEE COMPANY # 28051,"{'latitude': '34.046', 'longitude': '-118.3761'}",0000008207-0041-4,1742 LA CIENEGA 90035-4602,2016-06-03T00:00:00.000,POST OFFICE BOX #34442,SEATTLE,98124-1442,311900,"Other food mfg. (including coffee, tea, flavoring, & seasonings)",1742 S LA CIENEGA BLVD,90035-4602
STARBUCKS CORPORATION,SHERMAN OAKS,4,STARBUCKS COFFEE #27261,"{'latitude': '34.1547', 'longitude': '-118.448'}",0000038095-0002-0,4550 VAN NUYS 91403-2913,2017-01-18T00:00:00.000,POST OFFICE BOX #34442,SEATTLE,98124-1442,311900,"Other food mfg. (including coffee, tea, flavoring, & seasonings)",4550   VAN NUYS BLVD   #K,91403-2913
STARBUCKS CORPORATION,LOS ANGELES,14,STARBUCKS COFFEE #48339,"{'latitude': '0.0', 'longitude': '0.0'}",0000037459-0005-3,1249 GRAND 90015-0000,2017-03-01T00:00:00.000,POST OFFICE BOX #34442,SEATTLE,98124-1442,311900,"Other food mfg. (including coffee, tea, flavoring, & seasonings)",1249 S GRAND AVENUE,90015-0000
STARBUCKS CORPORATION,NORTH HOLLYWOOD,2,STARBUCKS COFFEE # 22417,"{'latitude': '34.1589', 'longitude': '-118.3715'}",0000008207-0038-4,4853 LANKERSHIM 91601-4527,2016-04-14T00:00:00.000,POST OFFICE BOX #34442,SEATTLE,98124-1442,722211,Limited-service eating places,4853   LANKERSHIM BLVD,91601-4527
STARBUCKS CORPORATION,NORTH HOLLYWOOD,2,STARBUCKS COFFEE COMPANY # 26769,"{'latitude': '34.1814', 'longitude': '-118.3839'}",0000037459-0009-6,6060 LANKERSHIM 91606-4806,2017-05-25T00:00:00.000,POST OFFICE BOX #34442,SEATTLE,98124-1442,311900,"Other food mfg. (including coffee, tea, flavoring, & seasonings)",6060   LANKERSHIM BLVD,91606-4806
STARBUCKS CORPORATION,LOS ANGELES,13,STARBUCKS COFFEE COMPANY # 24933,"{'latitude': '34.0946', 'longitude': '-118.3095'}",0000037459-0003-7,1277 WESTERN 90029-1018,2017-01-12T00:00:00.000,POST OFFICE BOX #34442,SEATTLE,98124-1442,311900,"Other food mfg. (including coffee, tea, flavoring, & seasonings)",1277 N WESTERN AVENUE,90029-1018
STARBUCKS CORPORATION,LOS ANGELES,4,STARBUCKS COFFEE #24851,"{'latitude': '34.1074', 'longitude': '-118.2727'}",0000066929-0002-1,2720 GRIFFITH PARK 90027-3399,2016-09-30T00:00:00.000,POST OFFICE BOX #34442,SEATTLE,98124-1442,311900,"Other food mfg. (including coffee, tea, flavoring, & seasonings)",2720   GRIFFITH PARK BLVD,90027-3399
STARBUCKS CORPORATION,LOS ANGELES,1,STARBUCKS COFFEE COMPANY # 49792,"{'latitude': '34.0538', 'longitude': '-118.2628'}",0002363980-0007-6,1102 6TH 90017-1829,2017-07-20T00:00:00.000,POST OFFICE BOX #34442,LOS ANGELES,90034-0442,311900,"Other food mfg. (including coffee, tea, flavoring, & seasonings)",1102 W 6TH STREET,90017-1829
STARBUCKS CORPORATION,WINNETKA,3,STARBUCKS COFFEE #49978,"{'latitude': '34.2007', 'longitude': '-118.5705'}",0002363980-0005-0,20056 SHERMAN 91306-3607,2017-06-29T00:00:00.000,POST OFFICE BOX #34442,SEATTLE,98124-1442,311900,"Other food mfg. (including coffee, tea, flavoring, & seasonings)",20056   SHERMAN WAY,91306-3607
STARBUCKS CORPORATION,LOS ANGELES,15,STARBUCKS COFFEE COMPANY # 26770,"{'latitude': '0.0', 'longitude': '0.0'}",0000037459-0007-0,21776 WESTERN 90501-,2017-01-12T00:00:00.000,POST OFFICE BOX #34442,SEATTLE,98124-1442,311900,"Other food mfg. (including coffee, tea, flavoring, & seasonings)",21776 S WESTERN AVENUE,90501-
STARBUCKS CORPORATION,LOS ANGELES,14,STARBUCKS COFFEE #47433,"{'latitude': '34.0422', 'longitude': '-118.2596'}",0000037459-0006-1,400 OLYMPIC 90015-1608,2017-03-12T00:00:00.000,POST OFFICE BOX #34442,SEATTLE,98124-1442,311900,"Other food mfg. (including coffee, tea, flavoring, & seasonings)",400 W OLYMPIC BLVD,90015-1608
STARBUCKS CORPORATION,LOS ANGELES,13,STARBUCKS COFFEE #53657,"{'latitude': '34.0772', 'longitude': '-118.2641'}",0002363980-0012-2,2110 SUNSET 90026-3125,2017-10-12T00:00:00.000,POST OFFICE BOX #34442,SEATTLE,98124-1442,311900,"Other food mfg. (including coffee, tea, flavoring, & seasonings)",2110 W SUNSET BLVD,90026-3125
STARBUCKS CORPORATION,CULVER CITY,5,STARBUCKS COFFEE #50325,"{'latitude': '34.0174', 'longitude': '-118.4052'}",0002363980-0014-9,10601 WASHINGTON 90232-3339,2018-09-13T00:00:00.000,POST OFFICE BOX #34442,SEATTLE,98124-1442,722211,Limited-service eating places,10601   WASHINGTON BLVD,90232-3339
STARBUCKS CORPORATION,LOS ANGELES,5,STARBUCK COFFEE #9228,"{'latitude': '34.0591', 'longitude': '-118.4126', 'human_address': '{""address"": """", ""city"": """", ""state"": """", ""zip"": """"}'}",0000844737-0001-7,2049 CENTURY 90067-3101,1991-01-01T00:00:00.000,POST OFFICE BOX #34442,SEATTLE,98124-1442,454390,"Other direct selling establishments (including door-to-door retailing, frozen food plan providers, party plan merchandisers, & coffee-break service providers)",2049 CENTURY PARKS  E UNIT #ROL16,90067-3101
STARBUCKS CORPORATION,LOS ANGELES,5,STARBUCKS COFFEE # 11603,"{'latitude': '34.054', 'longitude': '-118.4402', 'human_address': '{""address"": """", ""city"": """", ""state"": """", ""zip"": """"}'}",0002363980-0025-4,1500 WESTWOOD 90024-5602,2019-09-26T00:00:00.000,POST OFFICE BOX #34442,SEATTLE,98124-1442,311900,"Other food mfg. (including coffee, tea, flavoring, & seasonings)",1500   WESTWOOD BLVD,90024-5602
STARBUCKS CORPORATION,LOS ANGELES,13,STARBUCKS COFFEE #58623,"{'latitude': '34.0706', 'longitude': '-118.2921', 'human_address': '{""address"": """", ""city"": """", ""state"": """", ""zip"": """"}'}",0002363980-0024-6,181 VERMONT 90004-5904,2019-09-19T00:00:00.000,POST OFFICE BOX #34442,SEATTLE,98124-1442,311900,"Other food mfg. (including coffee, tea, flavoring, & seasonings)",181 S VERMONT AVENUE,90004-5904
STARBUCKS CORPORATION,LOS ANGELES,13,STARBUCKS #24163,"{'latitude': '34.0984', 'longitude': '-118.319', 'human_address': '{""address"": """", ""city"": """", ""state"": """", ""zip"": """"}'}",0000008207-0054-6,5929 SUNSET 90028-7262,2019-09-27T00:00:00.000,POST OFFICE BOX #34442,SEATTLE,98124-1442,722300,Special food services (including food service contractors & caterers),5929 W SUNSET BLVD,90028-7262
STARBUCKS CORPORATION,LOS ANGELES,1,STARBUCKS COFFEE #13286,"{'latitude': '34.1239', 'longitude': '-118.2198'}",0000554785-0005-9,4430 YORK 90041-3328,2008-08-01T00:00:00.000,POST OFFICE BOX #34067,SEATTLE,98124-1067,722110,Full-service restaurants,4430 YORK BLVD,90041-3328
STARBUCKS CORPORATION,LOS ANGELES,10,STARBUCKS COFFEE COMPANY # 54501,"{'latitude': '34.064', 'longitude': '-118.2973'}",0000037459-0013-4,3465 6TH 90020-2567,2018-08-30T00:00:00.000,POST OFFICE BOX #34442,SEATTLE,98124-1442,722211,Limited-service eating places,3465 W 6TH STREET   UNIT #30/40,90020-2567
STARBUCKS CORPORATION,LOS ANGELES,5,STARBUCKS COFFEE #59684,"{'latitude': '34.076', 'longitude': '-118.3766', 'human_address': '{""address"": """", ""city"": """", ""state"": """", ""zip"": """"}'}",0002363980-0027-1,8500 BEVERLY 90048-6293,2019-11-14T00:00:00.000,POST OFFICE BOX #34442,SEATTLE,98124-1442,311900,"Other food mfg. (including coffee, tea, flavoring, & seasonings)",8500   BEVERLY BLVD   #701,90048-6293
STARBUCKS CORPORATION,HARBOR CITY,15,STARBUCKS COFFEE #28816,"{'latitude': '33.8164', 'longitude': '-118.3081', 'human_address': '{""address"": """", ""city"": """", ""state"": """", ""zip"": """"}'}",0002363980-0026-2,1630 SEPULVEDA 90710-1136,2019-09-26T00:00:00.000,POST OFFICE BOX #34442,SEATTLE,98124-1442,311900,"Other food mfg. (including coffee, tea, flavoring, & seasonings)",1630   SEPULVEDA BLVD,90710-1136
STARBUCKS CORPORATION,LOS ANGELES,13,STARBUCKS COFFEE #24163,"{'latitude': '34.0984', 'longitude': '-118.319', 'human_address': '{""address"": """", ""city"": """", ""state"": """", ""zip"": """"}'}",0002363980-0016-5,5929 SUNSET 90028-7262,2019-09-27T00:00:00.000,POST OFFICE BOX #34442,SEATTLE,98124-1442,311900,"Other food mfg. (including coffee, tea, flavoring, & seasonings)",5929 W SUNSET BLVD,90028-7262
STARBUCKS CORPORATION,LOS ANGELES,13,STARBUCKS #55650,"{'latitude': '34.0978', 'longitude': '-118.2921', 'human_address': '{""address"": """", ""city"": """", ""state"": """", ""zip"": """"}'}",0000008207-0053-8,4700 SUNSET 90027-6082,2019-09-27T00:00:00.000,POST OFFICE BOX #34442,SEATTLE,98124-1442,311900,"Other food mfg. (including coffee, tea, flavoring, & seasonings)",4700 W SUNSET BLVD,90027-6082
STARBUCKS CORPORATION,LOS ANGELES,14,STARBUCKS COFFEE COMPANY # 10939,"{'latitude': '34.0414', 'longitude': '-118.2621'}",0000111880-0006-3,1111 GRAND 90015-2176,2006-08-18T00:00:00.000,POST OFFICE BOX #34442,SEATTLE,98124-1442,445290,Home furnishings stores,1111 S GRAND AVENUE,90015-2176
STARBUCKS CORPORATION,NORTHRIDGE,12,STARBUCKS COFFEE #48677,"{'latitude': '34.2506', 'longitude': '-118.502', 'human_address': '{""address"": """", ""city"": """", ""state"": """", ""zip"": """"}'}",0002363980-0028-9,9900 BALBOA 91325-5403,2019-12-20T00:00:00.000,POST OFFICE BOX #34442,SEATTLE,98124-1442,311900,"Other food mfg. (including coffee, tea, flavoring, & seasonings)",9900   BALBOA BLVD,91325-5403
STARBUCKS CORPORATION,CANOGA PARK,3,,"{'latitude': '34.1986', 'longitude': '-118.6055'}",0000037459-0002-9,7050 TOPANGA CANYON 91303-1960,2017-05-11T00:00:00.000,POST OFFICE BOX #34442,SEATTLE,98124-1442,311900,"Other food mfg. (including coffee, tea, flavoring, & seasonings)",7050   TOPANGA CANYON BLVD,91303-1960
STARBUCKS CORPORATION,,5,STARBUCKS COFFEE #5738,"{'latitude': '0.0', 'longitude': '0.0'}",0000037459-0001-1,11155 SANTA MONICA 90501,2000-04-22T00:00:00.000,POST OFFICE BOX #34442TAX-2,SEATTLE,98124-,722211,Limited-service eating places,11155 SANTA MONICA BLVD,90501-
STARBUCKS CORPORATION,PANORAMA CITY,6,STARBUCKS COFFEE #56002,"{'latitude': '34.221', 'longitude': '-118.4511'}",0002363980-0023-8,14640 ROSCOE 91402-4105,2019-06-27T00:00:00.000,POST OFFICE BOX #34442,SEATTLE,98124-1442,311900,"Other food mfg. (including coffee, tea, flavoring, & seasonings)",14640   ROSCOE BLVD,91402-4105
STARBUCKS CORPORATION,LOS ANGELES,13,STARBUCKS COFFEE COMPANY # 50498,"{'latitude': '34.0631', 'longitude': '-118.2722'}",0002363980-0017-3,230 ALVARADO 90057-2306,2018-11-15T00:00:00.000,POST OFFICE BOX #34442,SEATTLE,98124-1442,311900,"Other food mfg. (including coffee, tea, flavoring, & seasonings)",230 S ALVARADO STREET,90057-2306
STARBUCKS CORPORATION,N HOLLYWOOD,2,STARBUCKS COFFEE #5642,"{'latitude': '34.1643', 'longitude': '-118.3743'}",0000008207-0003-1,5166 LANKERSHIM 91601-3799,1998-10-24T00:00:00.000,POST OFFICE BOX #34067,SEATTLE,98124-1067,445290,Home furnishings stores,5166 LANKERSHIM BLVD,91601-3799
VENTURA PLACE COFFEE COMPANY,STUDIO CITY,2,ALFRED COFFEE STUDIO CITY,"{'latitude': '34.145', 'longitude': '-118.395'}",0002930172-0001-9,12077 VENTURA 91604-2602,2016-09-12T00:00:00.000,626 N LA CIENEGA BLVD   SUITE #5,WEST HOLLYWOOD,90069-5238,722211,Limited-service eating places,12077   VENTURA PLACE,91604-2602
SAN VICENTE COFFEE COMPANY,LOS ANGELES,11,ALFRED COFFEE BRENTWOOD,"{'latitude': '34.0525', 'longitude': '-118.4702'}",0002808229-0001-4,11908 SAN VICENTE 90049-5004,2015-02-24T00:00:00.000,11908 SAN VICENTE BLVD,LOS ANGELES,90049-5004,,,11908 SAN VICENTE BLVD,90049-5004
WILSHIRE BLVD COFFEE COMPANY,LOS ANGELES,10,ALFRED COFFEE KOREATOWN,"{'latitude': '34.0621', 'longitude': '-118.301'}",0003062654-0001-1,3515 WILSHIRE 90010-2301,2018-08-01T00:00:00.000,626 N LA CIENEGA BLVD   SUITE #5,WEST HOLLYWOOD,90069-5238,311900,"Other food mfg. (including coffee, tea, flavoring, & seasonings)",3515   WILSHIRE BLVD,90010-2301
SILVERLAKE COFFEE COMPANY,LOS ANGELES,13,ALFRED COFFEE SILVERAKE,"{'latitude': '34.087', 'longitude': '-118.2755'}",0002850393-0001-4,3337 SUNSET 90026-2117,2015-08-01T00:00:00.000,626 N LA CIENEGA BLVD   SUITE #5,WEST HOLLYWOOD,90069-5238,722211,Limited-service eating places,3337 W SUNSET BLVD UNIT #1/2,90026-2117
MELROSE PLACE COFFEE COMPANY,LOS ANGELES,5,ALFRED COFFEE & KITCHEN,"{'latitude': '34.0836', 'longitude': '-118.3742'}",0002651971-0001-3,8428 MELROSE 90069-5300,2013-01-23T00:00:00.000,626 N LA CIENEGA BLVD   SUITE #5,WEST HOLLYWOOD,90069-5238,722211,Limited-service eating places,8428 MELROSE PLACE UNIT #A,90069-5300
BLUE BOTTLE COFFEE INC,LOS ANGELES,4,BLUE BOTTLE COFFEE,"{'latitude': '34.1095', 'longitude': '-118.2871'}",0002724332-0007-1,2066 HILLHURST 90027-2719,2016-12-01T00:00:00.000,300   WEBSTER STREET,OAKLAND,94607-4122,311900,"Other food mfg. (including coffee, tea, flavoring, & seasonings)",2066   HILLHURST AVENUE,90027-2719
BLUE BOTTLE COFFEE INC,CENTURY CITY,5,BLUE BOTTLE COFFEE,"{'latitude': '34.06', 'longitude': '-118.4198'}",0002724332-0012-8,10250 SANTA MONICA 90067-6501,2018-06-06T00:00:00.000,476   9TH STREET   SUITE #300,OAKLAND,94607-4048,311900,"Other food mfg. (including coffee, tea, flavoring, & seasonings)",10250   SANTA MONICA BLVD   #1765,90067-6501
BLUE BOTTLE COFFEE INC,LOS ANGELES,11,BLUE BOTTLE COFFEE,"{'latitude': '34.0482', 'longitude': '-118.4911'}",0002724332-0010-1,13050 SAN VICENTE 90049-4851,2017-03-23T00:00:00.000,476   9TH STREET   SUITE #300,OAKLAND,94607-4048,311900,"Other food mfg. (including coffee, tea, flavoring, & seasonings)",13050   SAN VICENTE BLVD   SUITE #108,90049-4851
BLUE BOTTLE COFFEE INC,LOS ANGELES,14,BLUE BOTTLE COFFEE,"{'latitude': '34.0506', 'longitude': '-118.2479'}",0002724332-0006-3,300 BROADWAY 90013-1208,2016-12-01T00:00:00.000,300   WEBSTER STREET,OAKLAND,94607-4122,311900,"Other food mfg. (including coffee, tea, flavoring, & seasonings)",300 S BROADWAY     #30012,90013-1208
BLUE BOTTLE COFFEE INC,LOS ANGELES,5,BLUE BOTTLE COFFEE,"{'latitude': '34.0863', 'longitude': '-118.3611'}",0002724332-0009-8,830 FAIRFAX 90046-7208,2017-03-23T00:00:00.000,476   9TH STREET   SUITE #300,OAKLAND,94607-0000,311900,"Other food mfg. (including coffee, tea, flavoring, & seasonings)",830 N FAIRFAX AVENUE   BUILDING #A,90046-7208
BLUE BOTTLE COFFEE INC,WOODLAND HILLS,3,BLUE BOTTLE COFFEE,"{'latitude': '34.1672', 'longitude': '-118.5894'}",0002724332-0013-6,20929 VENTURA 91364-2334,2019-03-03T00:00:00.000,,,,311900,"Other food mfg. (including coffee, tea, flavoring, & seasonings)",20929   VENTURA BLVD,91364-2334
BLUE BOTTLE COFFEE INC,LOS ANGELES,5,BLUE BOTTLE COFFEE,"{'latitude': '34.076', 'longitude': '-118.37'}",0002724332-0002-1,8301 BEVERLY 90048-2607,2014-12-01T00:00:00.000,300 WEBSTER STREET,OAKLAND,94607-4122,311900,"Other food mfg. (including coffee, tea, flavoring, & seasonings)",8301 BEVERLY BLVD,90048-2607
BLUE BOTTLE COFFEE INC,LOS ANGELES,11,BLUE BOTTLE COFFEE,"{'latitude': '33.983', 'longitude': '-118.4047'}",0002724332-0008-0,12015 WATERFRONT 90094-2536,2017-03-23T00:00:00.000,476   9TH STREET   SUITE #300,OAKLAND,94607-4048,311900,"Other food mfg. (including coffee, tea, flavoring, & seasonings)",12015   WATERFRONT DRIVE   SUITE #A,90094-2536
BLUE BOTTLE COFFEE INC,LOS ANGELES,5,BLUE BOTTLE COFFEE,"{'latitude': '34.076', 'longitude': '-118.3832'}",0002724332-0011-0,116 ROBERTSON 90048-3103,2017-03-23T00:00:00.000,476   9TH STREET   SUITE #300,OAKLAND,94607-4048,311900,"Other food mfg. (including coffee, tea, flavoring, & seasonings)",116 N ROBERTSON BLVD   PLAZA #B,90048-3103
BLUE BOTTLE COFFEE INC,LOS ANGELES,14,BLUE BOTTLE COFFEE,"{'latitude': '34.0389', 'longitude': '-118.2325'}",0002724332-0005-5,582 MATEO 90013-2250,2016-06-29T00:00:00.000,30   WEBSTER,OAKLAND,94607-0000,311900,"Other food mfg. (including coffee, tea, flavoring, & seasonings)",582   MATEO STREET,90013-2250
BLUE BOTTLE COFFEE INC,VENICE,11,BLUE BOTTLE COFFEE,"{'latitude': '33.9918', 'longitude': '-118.4706'}",0002724332-0001-2,1103 ABBOT KINNEY 90291-3313,2014-04-15T00:00:00.000,476   9TH STREET,OAKLAND,94607-4048,311900,"Other food mfg. (including coffee, tea, flavoring, & seasonings)",1103 ABBOT KINNEY BLVD UNIT #1,90291-3313
CONSOL TOPANGA 1058G LLC,CANOGA PARK,3,PEETS COFFEE TOPANGA MALL,"{'latitude': '34.1898', 'longitude': '-118.6058'}",0002869223-0001-2,6600 TOPANGA CANYON 91303-2679,2015-11-23T00:00:00.000,108 S FRANKLIN AVENUE #6,VALLEY STREAM,11580-6105,722300,Special food services (including food service contractors & caterers),6600 TOPANGA CANYON BLVD #1058G,91303-2679
MCS CONSOLIDATED GROUP INC,WOODLAND HILLS,3,PEETS COFFEE TOPANGA VILLAGE,"{'latitude': '34.1838', 'longitude': '-118.6058'}",0002859292-0001-7,6250 TOPANGA CANYON 91367-2236,2015-10-06T00:00:00.000,108 S FRANKLIN AVENUE UNIT #6,VALLEY STREAM,11580-6105,311900,"Other food mfg. (including coffee, tea, flavoring, & seasonings)",6250 TOPANGA CANYON BLVD SUITE #1593,91367-2236
"COMMISSARY, LLC",LOS ANGELES,5,COFFEE COMMISSARY,"{'latitude': '34.0273', 'longitude': '-118.4092'}",0002803783-0001-3,3425 MOTOR 90034-4709,2015-02-01T00:00:00.000,801 N FAIRFAX AVENUE BUILDING #106,LOS ANGELES,90046-7265,722211,Limited-service eating places,3425 MOTOR AVENUE BUILDING #101,90034-4709
"COGDTLA, LLC",LOS ANGELES,14,COGNOSCENTI COFFEE,"{'latitude': '34.0439', 'longitude': '-118.258'}",0002870341-0001-0,888 OLIVE 90014-3006,2015-05-14T00:00:00.000,1517 OAK GROVE DRIVE,LOS ANGELES,90041-3119,722211,Limited-service eating places,888 S OLIVE STREET UNIT #2,90014-3006
"COGDTLA, LLC",LOS ANGELES,14,COGNOSCENTI COFFEE,"{'latitude': '0.0', 'longitude': '0.0'}",0002870341-0003-6,1118 SAN JULIAN 90015-2314,2016-09-25T00:00:00.000,,,,722211,Limited-service eating places,1118   SAN JULIAN STREET,90015-2314
ENDORFFEINE LLC,LOS ANGELES,1,ENDORFFEINE,"{'latitude': '34.0608', 'longitude': '-118.239'}",0002838700-0001-6,727 BROADWAY 90012-2816,2015-08-01T00:00:00.000,7533 LAURELGROVE COURT,NORTH HOLLYWOOD,91605-3021,722211,Limited-service eating places,727 N BROADWAY SUITE #127,90012-2816
"G&B COFFEE, LLC",LOS ANGELES,1,"G&B COFFEE, LLC","{'latitude': '34.1093', 'longitude': '-118.1938'}",0003093351-0001-9,5619 FIGUEROA 90042-4977,2017-05-17T00:00:00.000,4609   HAMPTON STREET,VERNON,90058-2115,722211,Limited-service eating places,5619 N FIGUEROA STREET,90042-4977
"GGET HIGHLAND PARK, LLC",LOS ANGELES,1,GO GET EM TIGER,"{'latitude': '34.1105', 'longitude': '-118.1902'}",0003050539-0001-7,5916 FIGUEROA 90042-4230,2018-07-01T00:00:00.000,5916 N FIGUEROA STREET,LOS ANGELES,90042-4230,722211,Limited-service eating places,5916 N FIGUEROA STREET,90042-4230
GGET LARCHMONT LLC,LOS ANGELES,4,GO GET EM TIGER,"{'latitude': '34.075', 'longitude': '-118.3236'}",0002688118-0001-8,230 LARCHMONT 90004-3707,2013-06-20T00:00:00.000,,,,722300,Special food services (including food service contractors & caterers),230 N LARCHMONT BLVD,90004-3707
GGET LOS FELIZ LLC,LOS ANGELES,13,GO GET EM TIGER,"{'latitude': '34.0999', 'longitude': '-118.2903'}",0002904963-0001-5,4630 HOLLYWOOD 90027-5408,2016-05-30T00:00:00.000,,,,722211,Limited-service eating places,4630   HOLLYWOOD BLVD,90027-5408
GGET DTLA LLC,LOS ANGELES,14,GO GET EM TIGER,"{'latitude': '34.0307', 'longitude': '-118.242'}",0003053875-0001-0,767 ALAMEDA 90021-1663,2018-09-01T00:00:00.000,5619 N FIGUEROA STREET   SUITE #205,LOS ANGELES,90042-4978,,,767 S ALAMEDA STREET   SUITE #184,90021-1663
PARAMOUNT COFFEE PROJECT USA INC,LOS ANGELES,14,PARAMOUNT COFFEE PROJECT,"{'latitude': '34.0307', 'longitude': '-118.242'}",0002811304-0002-6,1320 7TH 90021-1133,2018-05-02T00:00:00.000,,,,722211,Limited-service eating places,1320 E 7TH STREET   SUITE #100,90021-1133
"ELIEME, LLC",LOS ANGELES,13,RUBIES AND DIAMONDS,"{'latitude': '34.1006', 'longitude': '-118.3276'}",0002805428-0001-4,6115 SUNSET 90028-6493,2015-06-01T00:00:00.000,1305 S OAK KNOLL AVENUE,PASADENA,91106-4506,722211,Limited-service eating places,6115 W SUNSET BLVD   #150,90028-6493
RYAN ODONOVAN / COLBY BARR,LOS ANGELES,5,VERVE COFFEE ROASTERS,"{'latitude': '34.0721', 'longitude': '-118.3648'}",0002879446-0001-6,8051 3RD 90048-4316,2015-10-02T00:00:00.000,104   BRONSON STREET   SUITE #19,SANTA CRUZ,95062-3495,311900,"Other food mfg. (including coffee, tea, flavoring, & seasonings)",8051 W 3RD STREET,90048-4316
VCR CAFES LLC,LOS ANGELES,14,VERVE COFFEE ROASTERS,"{'latitude': '34.0415', 'longitude': '-118.2326', 'human_address': '{""address"": """", ""city"": """", ""state"": """", ""zip"": """"}'}",0003137839-0001-5,500 MATEO 90013,2019-07-16T00:00:00.000,500   MATEO STREET   SUITE #102,LOS ANGELES,90013-2222,722110,Full-service restaurants,500   MATEO STREET   SUITE #102,90013-2222
"FOUND COFFEE, INC.",LOS ANGELES,14,FOUND COFFEE,"{'latitude': '34.1395', 'longitude': '-118.1945'}",0002802825-0001-1,1355 COLORADO 90041-2333,2015-01-21T00:00:00.000,1355 COLORADO BLVD,LOS ANGELES,90041-2333,,,1355 COLORADO BLVD,90041-2333
CAFEFIKA INTERNATIONAL US,LOS ANGELES,0,THE BOY & THE BEAR - COFFEE ROASTERY,"{'latitude': '33.9966', 'longitude': '-118.435'}",0003100240-0001-9,12712 WASHINGTON 90066-2341,2018-02-05T00:00:00.000,350 N PACIFIC COAST HIGHWAY,REDONDO BEACH,90277-2837,311900,"Other food mfg. (including coffee, tea, flavoring, & seasonings)",12712 W WASHINGTON BLVD,90066-2341
HILLTOP EAGLE ROCK LLC,LOS ANGELES,14,HILLTOP COFFEE + KITCHEN,"{'latitude': '34.1252', 'longitude': '-118.2203'}",0003122810-0001-4,4427 EAGLE ROCK 90041,2019-06-01T00:00:00.000,7250   MELROSE AVENUE   SUITE #1,LOS ANGELES,90046-7668,722211,Limited-service eating places,4427   EAGLE ROCK BLVD,90041-3212
TACTILE COFFEE,LOS ANGELES,13,TACTILE COFFEE,"{'latitude': '34.0722', 'longitude': '-118.2823'}",0002881028-0001-3,3109 BEVERLY 90057-1015,2016-02-01T00:00:00.000,1028   PARK CIRCLE DRIVE,TORRANCE,90502-2816,722211,Limited-service eating places,3109   BEVERLY BLVD,90057-1015
BRAZILIAN SPECIALTY COFFEE LLC,LOS ANGELES,14,NOSSA FAMILIA COFFEE,"{'latitude': '34.0507', 'longitude': '-118.2539'}",0002990022-0001-1,601 5TH 90071-2004,2017-07-01T00:00:00.000,3530 NW SAINT HELENS ROAD,PORTLAND,97210-1314,311900,"Other food mfg. (including coffee, tea, flavoring, & seasonings)",601 W 5TH STREET   LOBBY #110,90071-2004
TIERRA MIA COFFEE COMPANY,LOS ANGELES,13,TIERRA MIA COFFEE COMPANY,"{'latitude': '34.0781', 'longitude': '-118.2631'}",0002629372-0002-6,1202 ALVARADO 90026-3127,2013-04-01T00:00:00.000,6706 PACIFIC BLVD,HUNTINGTON PARK,90255-4110,311900,"Other food mfg. (including coffee, tea, flavoring, & seasonings)",1202 N ALVARADO STREET #A,90026-3127
TIERRA MIA COFFEE COMPANY,LOS ANGELES,1,TIERRA MIA COFFEE COMPANY,"{'latitude': '34.073', 'longitude': '-118.2185', 'human_address': '{""address"": """", ""city"": """", ""state"": """", ""zip"": """"}'}",0002629372-0004-2,2108 BROADWAY 90031-2205,2019-09-01T00:00:00.000,2108 N BROADWAY,LOS ANGELES,90031-2205,311900,"Other food mfg. (including coffee, tea, flavoring, & seasonings)",2108 N BROADWAY,90031-2205
